"id","admission_threshold","cache_size","cms_delta","cms_epsilon","default_latency","latency_utility","model","policy","protected_fraction","request_count","size_utility","tau","tiny_window_size","window_size","expected_count","victim_sample_proportion"
"1","","10000000","","","","",docker-registry-processed,two-segment,"0.1","1000000","","","","","1","0.1"
"2","","10000000","","","","",docker-registry-processed,two-segment,"0.2","1000000","","","","","1","0.1"
"3","","10000000","","","","",docker-registry-processed,two-segment,"0.3","1000000","","","","","1","0.1"
"4","","10000000","","","","",docker-registry-processed,two-segment,"0.4","1000000","","","","","1","0.1"
"5","","10000000","","","","",docker-registry-processed,two-segment,"0.5","1000000","","","","","1","0.1"
"6","","10000000","","","","",docker-registry-processed,two-segment,"0.6","1000000","","","","","1","0.1"
"7","","10000000","","","","",docker-registry-processed,two-segment,"0.7","1000000","","","","","1","0.1"
"8","","10000000","","","","",docker-registry-processed,two-segment,"0.8","1000000","","","","","1","0.1"
"9","","10000000","","","","",docker-registry-processed,two-segment,"0.9","1000000","","","","","1","0.1"
"10","","10000000","","","","",docker-registry-processed,tiny-lfu-byte,"","1000000","","","100","","1","0.1"
"11","","10000000","","","","",docker-registry-processed,tiny-lfu-byte,"","1000000","","","1000","","1","0.1"
"12","","10000000","","","","",docker-registry-processed,tiny-lfu-byte,"","1000000","","","10000","","1","0.1"
"13","","10000000","","","","",docker-registry-processed,tiny-lfu-byte,"","1000000","","","100000","","1","0.1"
"14","","10000000","","","","",docker-registry-processed,tiny-lfu-byte,"","1000000","","","1000000","","1","0.1"
"15","","10000000","","","","",docker-registry-processed,lru,"","1000000","","","","","1","0.1"
"16","","10000000","","","","",docker-registry-processed,lfu-sliding,"","1000000","","","","100","1","0.1"
"17","","10000000","","","","",docker-registry-processed,lfu-sliding,"","1000000","","","","1000","1","0.1"
"18","","10000000","","","","",docker-registry-processed,lfu-sliding,"","1000000","","","","10000","1","0.1"
"19","","10000000","","","","",docker-registry-processed,lfu-sliding,"","1000000","","","","100000","1","0.1"
"20","","10000000","","","","",docker-registry-processed,lfu-sliding,"","1000000","","","","1000000","1","0.1"
"21","","10000000","","","1",freq_over_size_times_latency,docker-registry-processed,lfu-latency-byte,"","1000000","","","","","1","0.1"
"22","","10000000","","","1",freq_times_latency_over_size,docker-registry-processed,lfu-latency-byte,"","1000000","","","","","1","0.1"
"23","2","10000000","1.00E-07","0.001","","",docker-registry-processed,lfu-doorkeeper,"","1000000","","","","","1","0.1"
"24","2","10000000","1.00E-06","0.001","","",docker-registry-processed,lfu-doorkeeper,"","1000000","","","","","1","0.1"
"25","2","10000000","1.00E-05","0.001","","",docker-registry-processed,lfu-doorkeeper,"","1000000","","","","","1","0.1"
"26","2","10000000","1.00E-04","0.001","","",docker-registry-processed,lfu-doorkeeper,"","1000000","","","","","1","0.1"
"27","2","10000000","1.00E-03","0.001","","",docker-registry-processed,lfu-doorkeeper,"","1000000","","","","","1","0.1"
"28","2","10000000","1.00E-02","0.001","","",docker-registry-processed,lfu-doorkeeper,"","1000000","","","","","1","0.1"
"29","2","10000000","1.00E-07","0.01","","",docker-registry-processed,lfu-doorkeeper,"","1000000","","","","","1","0.1"
"30","2","10000000","1.00E-06","0.01","","",docker-registry-processed,lfu-doorkeeper,"","1000000","","","","","1","0.1"
"31","2","10000000","1.00E-05","0.01","","",docker-registry-processed,lfu-doorkeeper,"","1000000","","","","","1","0.1"
"32","2","10000000","1.00E-04","0.01","","",docker-registry-processed,lfu-doorkeeper,"","1000000","","","","","1","0.1"
"33","2","10000000","1.00E-03","0.01","","",docker-registry-processed,lfu-doorkeeper,"","1000000","","","","","1","0.1"
"34","2","10000000","1.00E-02","0.01","","",docker-registry-processed,lfu-doorkeeper,"","1000000","","","","","1","0.1"
"35","2","10000000","1.00E-07","0.1","","",docker-registry-processed,lfu-doorkeeper,"","1000000","","","","","1","0.1"
"36","2","10000000","1.00E-06","0.1","","",docker-registry-processed,lfu-doorkeeper,"","1000000","","","","","1","0.1"
"37","2","10000000","1.00E-05","0.1","","",docker-registry-processed,lfu-doorkeeper,"","1000000","","","","","1","0.1"
"38","2","10000000","1.00E-04","0.1","","",docker-registry-processed,lfu-doorkeeper,"","1000000","","","","","1","0.1"
"39","2","10000000","1.00E-03","0.1","","",docker-registry-processed,lfu-doorkeeper,"","1000000","","","","","1","0.1"
"40","2","10000000","1.00E-02","0.1","","",docker-registry-processed,lfu-doorkeeper,"","1000000","","","","","1","0.1"
"41","2","10000000","1.00E-07","0.0001","","",docker-registry-processed,lfu-doorkeeper,"","1000000","","","","","1","0.1"
"42","2","10000000","1.00E-06","0.0001","","",docker-registry-processed,lfu-doorkeeper,"","1000000","","","","","1","0.1"
"43","2","10000000","1.00E-05","0.0001","","",docker-registry-processed,lfu-doorkeeper,"","1000000","","","","","1","0.1"
"44","2","10000000","1.00E-04","0.0001","","",docker-registry-processed,lfu-doorkeeper,"","1000000","","","","","1","0.1"
"45","2","10000000","1.00E-03","0.0001","","",docker-registry-processed,lfu-doorkeeper,"","1000000","","","","","1","0.1"
"46","2","10000000","1.00E-02","0.0001","","",docker-registry-processed,lfu-doorkeeper,"","1000000","","","","","1","0.1"
"47","3","10000000","1.00E-07","0.001","","",docker-registry-processed,lfu-doorkeeper,"","1000000","","","","","1","0.1"
"48","3","10000000","1.00E-06","0.001","","",docker-registry-processed,lfu-doorkeeper,"","1000000","","","","","1","0.1"
"49","3","10000000","1.00E-05","0.001","","",docker-registry-processed,lfu-doorkeeper,"","1000000","","","","","1","0.1"
"50","3","10000000","1.00E-04","0.001","","",docker-registry-processed,lfu-doorkeeper,"","1000000","","","","","1","0.1"
"51","3","10000000","1.00E-03","0.001","","",docker-registry-processed,lfu-doorkeeper,"","1000000","","","","","1","0.1"
"52","3","10000000","1.00E-02","0.001","","",docker-registry-processed,lfu-doorkeeper,"","1000000","","","","","1","0.1"
"53","3","10000000","1.00E-07","0.01","","",docker-registry-processed,lfu-doorkeeper,"","1000000","","","","","1","0.1"
"54","3","10000000","1.00E-06","0.01","","",docker-registry-processed,lfu-doorkeeper,"","1000000","","","","","1","0.1"
"55","3","10000000","1.00E-05","0.01","","",docker-registry-processed,lfu-doorkeeper,"","1000000","","","","","1","0.1"
"56","3","10000000","1.00E-04","0.01","","",docker-registry-processed,lfu-doorkeeper,"","1000000","","","","","1","0.1"
"57","3","10000000","1.00E-03","0.01","","",docker-registry-processed,lfu-doorkeeper,"","1000000","","","","","1","0.1"
"58","3","10000000","1.00E-02","0.01","","",docker-registry-processed,lfu-doorkeeper,"","1000000","","","","","1","0.1"
"59","3","10000000","1.00E-07","0.1","","",docker-registry-processed,lfu-doorkeeper,"","1000000","","","","","1","0.1"
"60","3","10000000","1.00E-06","0.1","","",docker-registry-processed,lfu-doorkeeper,"","1000000","","","","","1","0.1"
"61","3","10000000","1.00E-05","0.1","","",docker-registry-processed,lfu-doorkeeper,"","1000000","","","","","1","0.1"
"62","3","10000000","1.00E-04","0.1","","",docker-registry-processed,lfu-doorkeeper,"","1000000","","","","","1","0.1"
"63","3","10000000","1.00E-03","0.1","","",docker-registry-processed,lfu-doorkeeper,"","1000000","","","","","1","0.1"
"64","3","10000000","1.00E-02","0.1","","",docker-registry-processed,lfu-doorkeeper,"","1000000","","","","","1","0.1"
"65","3","10000000","1.00E-07","0.0001","","",docker-registry-processed,lfu-doorkeeper,"","1000000","","","","","1","0.1"
"66","3","10000000","1.00E-06","0.0001","","",docker-registry-processed,lfu-doorkeeper,"","1000000","","","","","1","0.1"
"67","3","10000000","1.00E-05","0.0001","","",docker-registry-processed,lfu-doorkeeper,"","1000000","","","","","1","0.1"
"68","3","10000000","1.00E-04","0.0001","","",docker-registry-processed,lfu-doorkeeper,"","1000000","","","","","1","0.1"
"69","3","10000000","1.00E-03","0.0001","","",docker-registry-processed,lfu-doorkeeper,"","1000000","","","","","1","0.1"
"70","3","10000000","1.00E-02","0.0001","","",docker-registry-processed,lfu-doorkeeper,"","1000000","","","","","1","0.1"
"71","4","10000000","1.00E-06","0.001","","",docker-registry-processed,lfu-doorkeeper,"","1000000","","","","","1","0.1"
"72","4","10000000","1.00E-05","0.001","","",docker-registry-processed,lfu-doorkeeper,"","1000000","","","","","1","0.1"
"73","4","10000000","1.00E-04","0.001","","",docker-registry-processed,lfu-doorkeeper,"","1000000","","","","","1","0.1"
"74","4","10000000","1.00E-03","0.001","","",docker-registry-processed,lfu-doorkeeper,"","1000000","","","","","1","0.1"
"75","4","10000000","1.00E-02","0.001","","",docker-registry-processed,lfu-doorkeeper,"","1000000","","","","","1","0.1"
"76","4","10000000","1.00E-07","0.01","","",docker-registry-processed,lfu-doorkeeper,"","1000000","","","","","1","0.1"
"77","4","10000000","1.00E-06","0.01","","",docker-registry-processed,lfu-doorkeeper,"","1000000","","","","","1","0.1"
"78","4","10000000","1.00E-05","0.01","","",docker-registry-processed,lfu-doorkeeper,"","1000000","","","","","1","0.1"
"79","4","10000000","1.00E-04","0.01","","",docker-registry-processed,lfu-doorkeeper,"","1000000","","","","","1","0.1"
"80","4","10000000","1.00E-03","0.01","","",docker-registry-processed,lfu-doorkeeper,"","1000000","","","","","1","0.1"
"81","4","10000000","1.00E-02","0.01","","",docker-registry-processed,lfu-doorkeeper,"","1000000","","","","","1","0.1"
"82","4","10000000","1.00E-07","0.1","","",docker-registry-processed,lfu-doorkeeper,"","1000000","","","","","1","0.1"
"83","4","10000000","1.00E-06","0.1","","",docker-registry-processed,lfu-doorkeeper,"","1000000","","","","","1","0.1"
"84","4","10000000","1.00E-05","0.1","","",docker-registry-processed,lfu-doorkeeper,"","1000000","","","","","1","0.1"
"85","4","10000000","1.00E-04","0.1","","",docker-registry-processed,lfu-doorkeeper,"","1000000","","","","","1","0.1"
"86","4","10000000","1.00E-03","0.1","","",docker-registry-processed,lfu-doorkeeper,"","1000000","","","","","1","0.1"
"87","4","10000000","1.00E-02","0.1","","",docker-registry-processed,lfu-doorkeeper,"","1000000","","","","","1","0.1"
"88","4","10000000","1.00E-07","0.0001","","",docker-registry-processed,lfu-doorkeeper,"","1000000","","","","","1","0.1"
"89","4","10000000","1.00E-06","0.0001","","",docker-registry-processed,lfu-doorkeeper,"","1000000","","","","","1","0.1"
"90","4","10000000","1.00E-05","0.0001","","",docker-registry-processed,lfu-doorkeeper,"","1000000","","","","","1","0.1"
"91","4","10000000","1.00E-04","0.0001","","",docker-registry-processed,lfu-doorkeeper,"","1000000","","","","","1","0.1"
"92","4","10000000","1.00E-03","0.0001","","",docker-registry-processed,lfu-doorkeeper,"","1000000","","","","","1","0.1"
"93","4","10000000","1.00E-02","0.0001","","",docker-registry-processed,lfu-doorkeeper,"","1000000","","","","","1","0.1"
"94","","10000000","","","","",docker-registry-processed,lfu-byte,"","1000000",freq_over_size,"","","","1","0.1"
"95","","10000000","","","","",docker-registry-processed,lfu-byte,"","1000000",freq_times_size,"","","","1","0.1"
"96","","10000000","","","","",docker-registry-processed,lfu-aging,"","1000000","","100","","","1","0.1"
"97","","10000000","","","","",docker-registry-processed,lfu-aging,"","1000000","","1000","","","1","0.1"
"98","","10000000","","","","",docker-registry-processed,lfu-aging,"","1000000","","10000","","","1","0.1"
"99","","10000000","","","","",docker-registry-processed,lfu-aging,"","1000000","","100000","","","1","0.1"
"100","","10000000","","","","",docker-registry-processed,lfu-aging,"","1000000","","1000000","","","1","0.1"
"101","","10000000","","","","",docker-registry-processed,lfu,"","1000000","","","","","1","0.1"
"102","","10000000","","","","",wiki-t-10,two-segment,"0.1","1000000","","","","","1","0.1"
"103","","10000000","","","","",wiki-t-10,two-segment,"0.2","1000000","","","","","1","0.1"
"104","","10000000","","","","",wiki-t-10,two-segment,"0.3","1000000","","","","","1","0.1"
"105","","10000000","","","","",wiki-t-10,two-segment,"0.4","1000000","","","","","1","0.1"
"106","","10000000","","","","",wiki-t-10,two-segment,"0.5","1000000","","","","","1","0.1"
"107","","10000000","","","","",wiki-t-10,two-segment,"0.6","1000000","","","","","1","0.1"
"108","","10000000","","","","",wiki-t-10,two-segment,"0.7","1000000","","","","","1","0.1"
"109","","10000000","","","","",wiki-t-10,two-segment,"0.8","1000000","","","","","1","0.1"
"110","","10000000","","","","",wiki-t-10,two-segment,"0.9","1000000","","","","","1","0.1"
"111","","10000000","","","","",wiki-t-10,tiny-lfu-byte,"","1000000","","","100","","1","0.1"
"112","","10000000","","","","",wiki-t-10,tiny-lfu-byte,"","1000000","","","1000","","1","0.1"
"113","","10000000","","","","",wiki-t-10,tiny-lfu-byte,"","1000000","","","10000","","1","0.1"
"114","","10000000","","","","",wiki-t-10,tiny-lfu-byte,"","1000000","","","100000","","1","0.1"
"115","","10000000","","","","",wiki-t-10,tiny-lfu-byte,"","1000000","","","1000000","","1","0.1"
"116","","10000000","","","","",wiki-t-10,lru,"","1000000","","","","","1","0.1"
"117","","10000000","","","","",wiki-t-10,lfu-sliding,"","1000000","","","","100","1","0.1"
"118","","10000000","","","","",wiki-t-10,lfu-sliding,"","1000000","","","","1000","1","0.1"
"119","","10000000","","","","",wiki-t-10,lfu-sliding,"","1000000","","","","10000","1","0.1"
"120","","10000000","","","","",wiki-t-10,lfu-sliding,"","1000000","","","","100000","1","0.1"
"121","","10000000","","","","",wiki-t-10,lfu-sliding,"","1000000","","","","1000000","1","0.1"
"122","","10000000","","","1",freq_over_size_times_latency,wiki-t-10,lfu-latency-byte,"","1000000","","","","","1","0.1"
"123","","10000000","","","1",freq_times_latency_over_size,wiki-t-10,lfu-latency-byte,"","1000000","","","","","1","0.1"
"124","2","10000000","1.00E-07","0.001","","",wiki-t-10,lfu-doorkeeper,"","1000000","","","","","1","0.1"
"125","2","10000000","1.00E-06","0.001","","",wiki-t-10,lfu-doorkeeper,"","1000000","","","","","1","0.1"
"126","2","10000000","1.00E-05","0.001","","",wiki-t-10,lfu-doorkeeper,"","1000000","","","","","1","0.1"
"127","2","10000000","1.00E-04","0.001","","",wiki-t-10,lfu-doorkeeper,"","1000000","","","","","1","0.1"
"128","2","10000000","1.00E-03","0.001","","",wiki-t-10,lfu-doorkeeper,"","1000000","","","","","1","0.1"
"129","2","10000000","1.00E-02","0.001","","",wiki-t-10,lfu-doorkeeper,"","1000000","","","","","1","0.1"
"130","2","10000000","1.00E-07","0.01","","",wiki-t-10,lfu-doorkeeper,"","1000000","","","","","1","0.1"
"131","2","10000000","1.00E-06","0.01","","",wiki-t-10,lfu-doorkeeper,"","1000000","","","","","1","0.1"
"132","2","10000000","1.00E-05","0.01","","",wiki-t-10,lfu-doorkeeper,"","1000000","","","","","1","0.1"
"133","2","10000000","1.00E-04","0.01","","",wiki-t-10,lfu-doorkeeper,"","1000000","","","","","1","0.1"
"134","2","10000000","1.00E-03","0.01","","",wiki-t-10,lfu-doorkeeper,"","1000000","","","","","1","0.1"
"135","2","10000000","1.00E-02","0.01","","",wiki-t-10,lfu-doorkeeper,"","1000000","","","","","1","0.1"
"136","2","10000000","1.00E-07","0.1","","",wiki-t-10,lfu-doorkeeper,"","1000000","","","","","1","0.1"
"137","2","10000000","1.00E-06","0.1","","",wiki-t-10,lfu-doorkeeper,"","1000000","","","","","1","0.1"
"138","2","10000000","1.00E-05","0.1","","",wiki-t-10,lfu-doorkeeper,"","1000000","","","","","1","0.1"
"139","2","10000000","1.00E-04","0.1","","",wiki-t-10,lfu-doorkeeper,"","1000000","","","","","1","0.1"
"140","2","10000000","1.00E-03","0.1","","",wiki-t-10,lfu-doorkeeper,"","1000000","","","","","1","0.1"
"141","2","10000000","1.00E-02","0.1","","",wiki-t-10,lfu-doorkeeper,"","1000000","","","","","1","0.1"
"142","2","10000000","1.00E-07","0.0001","","",wiki-t-10,lfu-doorkeeper,"","1000000","","","","","1","0.1"
"143","2","10000000","1.00E-06","0.0001","","",wiki-t-10,lfu-doorkeeper,"","1000000","","","","","1","0.1"
"144","2","10000000","1.00E-05","0.0001","","",wiki-t-10,lfu-doorkeeper,"","1000000","","","","","1","0.1"
"145","2","10000000","1.00E-04","0.0001","","",wiki-t-10,lfu-doorkeeper,"","1000000","","","","","1","0.1"
"146","2","10000000","1.00E-03","0.0001","","",wiki-t-10,lfu-doorkeeper,"","1000000","","","","","1","0.1"
"147","2","10000000","1.00E-02","0.0001","","",wiki-t-10,lfu-doorkeeper,"","1000000","","","","","1","0.1"
"148","3","10000000","1.00E-07","0.001","","",wiki-t-10,lfu-doorkeeper,"","1000000","","","","","1","0.1"
"149","3","10000000","1.00E-06","0.001","","",wiki-t-10,lfu-doorkeeper,"","1000000","","","","","1","0.1"
"150","3","10000000","1.00E-05","0.001","","",wiki-t-10,lfu-doorkeeper,"","1000000","","","","","1","0.1"
"151","3","10000000","1.00E-04","0.001","","",wiki-t-10,lfu-doorkeeper,"","1000000","","","","","1","0.1"
"152","3","10000000","1.00E-03","0.001","","",wiki-t-10,lfu-doorkeeper,"","1000000","","","","","1","0.1"
"153","3","10000000","1.00E-02","0.001","","",wiki-t-10,lfu-doorkeeper,"","1000000","","","","","1","0.1"
"154","3","10000000","1.00E-07","0.01","","",wiki-t-10,lfu-doorkeeper,"","1000000","","","","","1","0.1"
"155","3","10000000","1.00E-06","0.01","","",wiki-t-10,lfu-doorkeeper,"","1000000","","","","","1","0.1"
"156","3","10000000","1.00E-05","0.01","","",wiki-t-10,lfu-doorkeeper,"","1000000","","","","","1","0.1"
"157","3","10000000","1.00E-04","0.01","","",wiki-t-10,lfu-doorkeeper,"","1000000","","","","","1","0.1"
"158","3","10000000","1.00E-03","0.01","","",wiki-t-10,lfu-doorkeeper,"","1000000","","","","","1","0.1"
"159","3","10000000","1.00E-02","0.01","","",wiki-t-10,lfu-doorkeeper,"","1000000","","","","","1","0.1"
"160","3","10000000","1.00E-07","0.1","","",wiki-t-10,lfu-doorkeeper,"","1000000","","","","","1","0.1"
"161","3","10000000","1.00E-06","0.1","","",wiki-t-10,lfu-doorkeeper,"","1000000","","","","","1","0.1"
"162","3","10000000","1.00E-05","0.1","","",wiki-t-10,lfu-doorkeeper,"","1000000","","","","","1","0.1"
"163","3","10000000","1.00E-04","0.1","","",wiki-t-10,lfu-doorkeeper,"","1000000","","","","","1","0.1"
"164","3","10000000","1.00E-03","0.1","","",wiki-t-10,lfu-doorkeeper,"","1000000","","","","","1","0.1"
"165","3","10000000","1.00E-02","0.1","","",wiki-t-10,lfu-doorkeeper,"","1000000","","","","","1","0.1"
"166","3","10000000","1.00E-07","0.0001","","",wiki-t-10,lfu-doorkeeper,"","1000000","","","","","1","0.1"
"167","3","10000000","1.00E-06","0.0001","","",wiki-t-10,lfu-doorkeeper,"","1000000","","","","","1","0.1"
"168","3","10000000","1.00E-05","0.0001","","",wiki-t-10,lfu-doorkeeper,"","1000000","","","","","1","0.1"
"169","3","10000000","1.00E-04","0.0001","","",wiki-t-10,lfu-doorkeeper,"","1000000","","","","","1","0.1"
"170","3","10000000","1.00E-03","0.0001","","",wiki-t-10,lfu-doorkeeper,"","1000000","","","","","1","0.1"
"171","3","10000000","1.00E-02","0.0001","","",wiki-t-10,lfu-doorkeeper,"","1000000","","","","","1","0.1"
"172","4","10000000","1.00E-06","0.001","","",wiki-t-10,lfu-doorkeeper,"","1000000","","","","","1","0.1"
"173","4","10000000","1.00E-05","0.001","","",wiki-t-10,lfu-doorkeeper,"","1000000","","","","","1","0.1"
"174","4","10000000","1.00E-04","0.001","","",wiki-t-10,lfu-doorkeeper,"","1000000","","","","","1","0.1"
"175","4","10000000","1.00E-03","0.001","","",wiki-t-10,lfu-doorkeeper,"","1000000","","","","","1","0.1"
"176","4","10000000","1.00E-02","0.001","","",wiki-t-10,lfu-doorkeeper,"","1000000","","","","","1","0.1"
"177","4","10000000","1.00E-07","0.01","","",wiki-t-10,lfu-doorkeeper,"","1000000","","","","","1","0.1"
"178","4","10000000","1.00E-06","0.01","","",wiki-t-10,lfu-doorkeeper,"","1000000","","","","","1","0.1"
"179","4","10000000","1.00E-05","0.01","","",wiki-t-10,lfu-doorkeeper,"","1000000","","","","","1","0.1"
"180","4","10000000","1.00E-04","0.01","","",wiki-t-10,lfu-doorkeeper,"","1000000","","","","","1","0.1"
"181","4","10000000","1.00E-03","0.01","","",wiki-t-10,lfu-doorkeeper,"","1000000","","","","","1","0.1"
"182","4","10000000","1.00E-02","0.01","","",wiki-t-10,lfu-doorkeeper,"","1000000","","","","","1","0.1"
"183","4","10000000","1.00E-07","0.1","","",wiki-t-10,lfu-doorkeeper,"","1000000","","","","","1","0.1"
"184","4","10000000","1.00E-06","0.1","","",wiki-t-10,lfu-doorkeeper,"","1000000","","","","","1","0.1"
"185","4","10000000","1.00E-05","0.1","","",wiki-t-10,lfu-doorkeeper,"","1000000","","","","","1","0.1"
"186","4","10000000","1.00E-04","0.1","","",wiki-t-10,lfu-doorkeeper,"","1000000","","","","","1","0.1"
"187","4","10000000","1.00E-03","0.1","","",wiki-t-10,lfu-doorkeeper,"","1000000","","","","","1","0.1"
"188","4","10000000","1.00E-02","0.1","","",wiki-t-10,lfu-doorkeeper,"","1000000","","","","","1","0.1"
"189","4","10000000","1.00E-07","0.0001","","",wiki-t-10,lfu-doorkeeper,"","1000000","","","","","1","0.1"
"190","4","10000000","1.00E-06","0.0001","","",wiki-t-10,lfu-doorkeeper,"","1000000","","","","","1","0.1"
"191","4","10000000","1.00E-05","0.0001","","",wiki-t-10,lfu-doorkeeper,"","1000000","","","","","1","0.1"
"192","4","10000000","1.00E-04","0.0001","","",wiki-t-10,lfu-doorkeeper,"","1000000","","","","","1","0.1"
"193","4","10000000","1.00E-03","0.0001","","",wiki-t-10,lfu-doorkeeper,"","1000000","","","","","1","0.1"
"194","4","10000000","1.00E-02","0.0001","","",wiki-t-10,lfu-doorkeeper,"","1000000","","","","","1","0.1"
"195","","10000000","","","","",wiki-t-10,lfu-byte,"","1000000",freq_over_size,"","","","1","0.1"
"196","","10000000","","","","",wiki-t-10,lfu-byte,"","1000000",freq_times_size,"","","","1","0.1"
"197","","10000000","","","","",wiki-t-10,lfu-aging,"","1000000","","100","","","1","0.1"
"198","","10000000","","","","",wiki-t-10,lfu-aging,"","1000000","","1000","","","1","0.1"
"199","","10000000","","","","",wiki-t-10,lfu-aging,"","1000000","","10000","","","1","0.1"
"200","","10000000","","","","",wiki-t-10,lfu-aging,"","1000000","","100000","","","1","0.1"
"201","","10000000","","","","",wiki-t-10,lfu-aging,"","1000000","","1000000","","","1","0.1"
"202","","10000000","","","","",wiki-t-10,lfu,"","1000000","","","","","1","0.1"
"203","","1000000","","","","",docker-registry-processed,two-segment,"0.1","1000000","","","","","1","0.1"
"204","","1000000","","","","",docker-registry-processed,two-segment,"0.2","1000000","","","","","1","0.1"
"205","","1000000","","","","",docker-registry-processed,two-segment,"0.3","1000000","","","","","1","0.1"
"206","","1000000","","","","",docker-registry-processed,two-segment,"0.4","1000000","","","","","1","0.1"
"207","","1000000","","","","",docker-registry-processed,two-segment,"0.5","1000000","","","","","1","0.1"
"208","","1000000","","","","",docker-registry-processed,two-segment,"0.6","1000000","","","","","1","0.1"
"209","","1000000","","","","",docker-registry-processed,two-segment,"0.7","1000000","","","","","1","0.1"
"210","","1000000","","","","",docker-registry-processed,two-segment,"0.8","1000000","","","","","1","0.1"
"211","","1000000","","","","",docker-registry-processed,two-segment,"0.9","1000000","","","","","1","0.1"
"212","","1000000","","","","",docker-registry-processed,tiny-lfu-byte,"","1000000","","","100","","1","0.1"
"213","","1000000","","","","",docker-registry-processed,tiny-lfu-byte,"","1000000","","","1000","","1","0.1"
"214","","1000000","","","","",docker-registry-processed,tiny-lfu-byte,"","1000000","","","10000","","1","0.1"
"215","","1000000","","","","",docker-registry-processed,tiny-lfu-byte,"","1000000","","","100000","","1","0.1"
"216","","1000000","","","","",docker-registry-processed,tiny-lfu-byte,"","1000000","","","1000000","","1","0.1"
"217","","1000000","","","","",docker-registry-processed,lru,"","1000000","","","","","1","0.1"
"218","","1000000","","","","",docker-registry-processed,lfu-sliding,"","1000000","","","","100","1","0.1"
"219","","1000000","","","","",docker-registry-processed,lfu-sliding,"","1000000","","","","1000","1","0.1"
"220","","1000000","","","","",docker-registry-processed,lfu-sliding,"","1000000","","","","10000","1","0.1"
"221","","1000000","","","","",docker-registry-processed,lfu-sliding,"","1000000","","","","100000","1","0.1"
"222","","1000000","","","","",docker-registry-processed,lfu-sliding,"","1000000","","","","1000000","1","0.1"
"223","","1000000","","","1",freq_over_size_times_latency,docker-registry-processed,lfu-latency-byte,"","1000000","","","","","1","0.1"
"224","","1000000","","","1",freq_times_latency_over_size,docker-registry-processed,lfu-latency-byte,"","1000000","","","","","1","0.1"
"225","2","1000000","1.00E-07","0.001","","",docker-registry-processed,lfu-doorkeeper,"","1000000","","","","","1","0.1"
"226","2","1000000","1.00E-06","0.001","","",docker-registry-processed,lfu-doorkeeper,"","1000000","","","","","1","0.1"
"227","2","1000000","1.00E-05","0.001","","",docker-registry-processed,lfu-doorkeeper,"","1000000","","","","","1","0.1"
"228","2","1000000","1.00E-04","0.001","","",docker-registry-processed,lfu-doorkeeper,"","1000000","","","","","1","0.1"
"229","2","1000000","1.00E-03","0.001","","",docker-registry-processed,lfu-doorkeeper,"","1000000","","","","","1","0.1"
"230","2","1000000","1.00E-02","0.001","","",docker-registry-processed,lfu-doorkeeper,"","1000000","","","","","1","0.1"
"231","2","1000000","1.00E-07","0.01","","",docker-registry-processed,lfu-doorkeeper,"","1000000","","","","","1","0.1"
"232","2","1000000","1.00E-06","0.01","","",docker-registry-processed,lfu-doorkeeper,"","1000000","","","","","1","0.1"
"233","2","1000000","1.00E-05","0.01","","",docker-registry-processed,lfu-doorkeeper,"","1000000","","","","","1","0.1"
"234","2","1000000","1.00E-04","0.01","","",docker-registry-processed,lfu-doorkeeper,"","1000000","","","","","1","0.1"
"235","2","1000000","1.00E-03","0.01","","",docker-registry-processed,lfu-doorkeeper,"","1000000","","","","","1","0.1"
"236","2","1000000","1.00E-02","0.01","","",docker-registry-processed,lfu-doorkeeper,"","1000000","","","","","1","0.1"
"237","2","1000000","1.00E-07","0.1","","",docker-registry-processed,lfu-doorkeeper,"","1000000","","","","","1","0.1"
"238","2","1000000","1.00E-06","0.1","","",docker-registry-processed,lfu-doorkeeper,"","1000000","","","","","1","0.1"
"239","2","1000000","1.00E-05","0.1","","",docker-registry-processed,lfu-doorkeeper,"","1000000","","","","","1","0.1"
"240","2","1000000","1.00E-04","0.1","","",docker-registry-processed,lfu-doorkeeper,"","1000000","","","","","1","0.1"
"241","2","1000000","1.00E-03","0.1","","",docker-registry-processed,lfu-doorkeeper,"","1000000","","","","","1","0.1"
"242","2","1000000","1.00E-02","0.1","","",docker-registry-processed,lfu-doorkeeper,"","1000000","","","","","1","0.1"
"243","2","1000000","1.00E-07","0.0001","","",docker-registry-processed,lfu-doorkeeper,"","1000000","","","","","1","0.1"
"244","2","1000000","1.00E-06","0.0001","","",docker-registry-processed,lfu-doorkeeper,"","1000000","","","","","1","0.1"
"245","2","1000000","1.00E-05","0.0001","","",docker-registry-processed,lfu-doorkeeper,"","1000000","","","","","1","0.1"
"246","2","1000000","1.00E-04","0.0001","","",docker-registry-processed,lfu-doorkeeper,"","1000000","","","","","1","0.1"
"247","2","1000000","1.00E-03","0.0001","","",docker-registry-processed,lfu-doorkeeper,"","1000000","","","","","1","0.1"
"248","2","1000000","1.00E-02","0.0001","","",docker-registry-processed,lfu-doorkeeper,"","1000000","","","","","1","0.1"
"249","3","1000000","1.00E-07","0.001","","",docker-registry-processed,lfu-doorkeeper,"","1000000","","","","","1","0.1"
"250","3","1000000","1.00E-06","0.001","","",docker-registry-processed,lfu-doorkeeper,"","1000000","","","","","1","0.1"
"251","3","1000000","1.00E-05","0.001","","",docker-registry-processed,lfu-doorkeeper,"","1000000","","","","","1","0.1"
"252","3","1000000","1.00E-04","0.001","","",docker-registry-processed,lfu-doorkeeper,"","1000000","","","","","1","0.1"
"253","3","1000000","1.00E-03","0.001","","",docker-registry-processed,lfu-doorkeeper,"","1000000","","","","","1","0.1"
"254","3","1000000","1.00E-02","0.001","","",docker-registry-processed,lfu-doorkeeper,"","1000000","","","","","1","0.1"
"255","3","1000000","1.00E-07","0.01","","",docker-registry-processed,lfu-doorkeeper,"","1000000","","","","","1","0.1"
"256","3","1000000","1.00E-06","0.01","","",docker-registry-processed,lfu-doorkeeper,"","1000000","","","","","1","0.1"
"257","3","1000000","1.00E-05","0.01","","",docker-registry-processed,lfu-doorkeeper,"","1000000","","","","","1","0.1"
"258","3","1000000","1.00E-04","0.01","","",docker-registry-processed,lfu-doorkeeper,"","1000000","","","","","1","0.1"
"259","3","1000000","1.00E-03","0.01","","",docker-registry-processed,lfu-doorkeeper,"","1000000","","","","","1","0.1"
"260","3","1000000","1.00E-02","0.01","","",docker-registry-processed,lfu-doorkeeper,"","1000000","","","","","1","0.1"
"261","3","1000000","1.00E-07","0.1","","",docker-registry-processed,lfu-doorkeeper,"","1000000","","","","","1","0.1"
"262","3","1000000","1.00E-06","0.1","","",docker-registry-processed,lfu-doorkeeper,"","1000000","","","","","1","0.1"
"263","3","1000000","1.00E-05","0.1","","",docker-registry-processed,lfu-doorkeeper,"","1000000","","","","","1","0.1"
"264","3","1000000","1.00E-04","0.1","","",docker-registry-processed,lfu-doorkeeper,"","1000000","","","","","1","0.1"
"265","3","1000000","1.00E-03","0.1","","",docker-registry-processed,lfu-doorkeeper,"","1000000","","","","","1","0.1"
"266","3","1000000","1.00E-02","0.1","","",docker-registry-processed,lfu-doorkeeper,"","1000000","","","","","1","0.1"
"267","3","1000000","1.00E-07","0.0001","","",docker-registry-processed,lfu-doorkeeper,"","1000000","","","","","1","0.1"
"268","3","1000000","1.00E-06","0.0001","","",docker-registry-processed,lfu-doorkeeper,"","1000000","","","","","1","0.1"
"269","3","1000000","1.00E-05","0.0001","","",docker-registry-processed,lfu-doorkeeper,"","1000000","","","","","1","0.1"
"270","3","1000000","1.00E-04","0.0001","","",docker-registry-processed,lfu-doorkeeper,"","1000000","","","","","1","0.1"
"271","3","1000000","1.00E-03","0.0001","","",docker-registry-processed,lfu-doorkeeper,"","1000000","","","","","1","0.1"
"272","3","1000000","1.00E-02","0.0001","","",docker-registry-processed,lfu-doorkeeper,"","1000000","","","","","1","0.1"
"273","4","1000000","1.00E-06","0.001","","",docker-registry-processed,lfu-doorkeeper,"","1000000","","","","","1","0.1"
"274","4","1000000","1.00E-05","0.001","","",docker-registry-processed,lfu-doorkeeper,"","1000000","","","","","1","0.1"
"275","4","1000000","1.00E-04","0.001","","",docker-registry-processed,lfu-doorkeeper,"","1000000","","","","","1","0.1"
"276","4","1000000","1.00E-03","0.001","","",docker-registry-processed,lfu-doorkeeper,"","1000000","","","","","1","0.1"
"277","4","1000000","1.00E-02","0.001","","",docker-registry-processed,lfu-doorkeeper,"","1000000","","","","","1","0.1"
"278","4","1000000","1.00E-07","0.01","","",docker-registry-processed,lfu-doorkeeper,"","1000000","","","","","1","0.1"
"279","4","1000000","1.00E-06","0.01","","",docker-registry-processed,lfu-doorkeeper,"","1000000","","","","","1","0.1"
"280","4","1000000","1.00E-05","0.01","","",docker-registry-processed,lfu-doorkeeper,"","1000000","","","","","1","0.1"
"281","4","1000000","1.00E-04","0.01","","",docker-registry-processed,lfu-doorkeeper,"","1000000","","","","","1","0.1"
"282","4","1000000","1.00E-03","0.01","","",docker-registry-processed,lfu-doorkeeper,"","1000000","","","","","1","0.1"
"283","4","1000000","1.00E-02","0.01","","",docker-registry-processed,lfu-doorkeeper,"","1000000","","","","","1","0.1"
"284","4","1000000","1.00E-07","0.1","","",docker-registry-processed,lfu-doorkeeper,"","1000000","","","","","1","0.1"
"285","4","1000000","1.00E-06","0.1","","",docker-registry-processed,lfu-doorkeeper,"","1000000","","","","","1","0.1"
"286","4","1000000","1.00E-05","0.1","","",docker-registry-processed,lfu-doorkeeper,"","1000000","","","","","1","0.1"
"287","4","1000000","1.00E-04","0.1","","",docker-registry-processed,lfu-doorkeeper,"","1000000","","","","","1","0.1"
"288","4","1000000","1.00E-03","0.1","","",docker-registry-processed,lfu-doorkeeper,"","1000000","","","","","1","0.1"
"289","4","1000000","1.00E-02","0.1","","",docker-registry-processed,lfu-doorkeeper,"","1000000","","","","","1","0.1"
"290","4","1000000","1.00E-07","0.0001","","",docker-registry-processed,lfu-doorkeeper,"","1000000","","","","","1","0.1"
"291","4","1000000","1.00E-06","0.0001","","",docker-registry-processed,lfu-doorkeeper,"","1000000","","","","","1","0.1"
"292","4","1000000","1.00E-05","0.0001","","",docker-registry-processed,lfu-doorkeeper,"","1000000","","","","","1","0.1"
"293","4","1000000","1.00E-04","0.0001","","",docker-registry-processed,lfu-doorkeeper,"","1000000","","","","","1","0.1"
"294","4","1000000","1.00E-03","0.0001","","",docker-registry-processed,lfu-doorkeeper,"","1000000","","","","","1","0.1"
"295","4","1000000","1.00E-02","0.0001","","",docker-registry-processed,lfu-doorkeeper,"","1000000","","","","","1","0.1"
"296","","1000000","","","","",docker-registry-processed,lfu-byte,"","1000000",freq_over_size,"","","","1","0.1"
"297","","1000000","","","","",docker-registry-processed,lfu-byte,"","1000000",freq_times_size,"","","","1","0.1"
"298","","1000000","","","","",docker-registry-processed,lfu-aging,"","1000000","","100","","","1","0.1"
"299","","1000000","","","","",docker-registry-processed,lfu-aging,"","1000000","","1000","","","1","0.1"
"300","","1000000","","","","",docker-registry-processed,lfu-aging,"","1000000","","10000","","","1","0.1"
"301","","1000000","","","","",docker-registry-processed,lfu-aging,"","1000000","","100000","","","1","0.1"
"302","","1000000","","","","",docker-registry-processed,lfu-aging,"","1000000","","1000000","","","1","0.1"
"303","","1000000","","","","",docker-registry-processed,lfu,"","1000000","","","","","1","0.1"
"304","","1000000","","","","",wiki-t-10,two-segment,"0.1","1000000","","","","","1","0.1"
"305","","1000000","","","","",wiki-t-10,two-segment,"0.2","1000000","","","","","1","0.1"
"306","","1000000","","","","",wiki-t-10,two-segment,"0.3","1000000","","","","","1","0.1"
"307","","1000000","","","","",wiki-t-10,two-segment,"0.4","1000000","","","","","1","0.1"
"308","","1000000","","","","",wiki-t-10,two-segment,"0.5","1000000","","","","","1","0.1"
"309","","1000000","","","","",wiki-t-10,two-segment,"0.6","1000000","","","","","1","0.1"
"310","","1000000","","","","",wiki-t-10,two-segment,"0.7","1000000","","","","","1","0.1"
"311","","1000000","","","","",wiki-t-10,two-segment,"0.8","1000000","","","","","1","0.1"
"312","","1000000","","","","",wiki-t-10,two-segment,"0.9","1000000","","","","","1","0.1"
"313","","1000000","","","","",wiki-t-10,tiny-lfu-byte,"","1000000","","","100","","1","0.1"
"314","","1000000","","","","",wiki-t-10,tiny-lfu-byte,"","1000000","","","1000","","1","0.1"
"315","","1000000","","","","",wiki-t-10,tiny-lfu-byte,"","1000000","","","10000","","1","0.1"
"316","","1000000","","","","",wiki-t-10,tiny-lfu-byte,"","1000000","","","100000","","1","0.1"
"317","","1000000","","","","",wiki-t-10,tiny-lfu-byte,"","1000000","","","1000000","","1","0.1"
"318","","1000000","","","","",wiki-t-10,lru,"","1000000","","","","","1","0.1"
"319","","1000000","","","","",wiki-t-10,lfu-sliding,"","1000000","","","","100","1","0.1"
"320","","1000000","","","","",wiki-t-10,lfu-sliding,"","1000000","","","","1000","1","0.1"
"321","","1000000","","","","",wiki-t-10,lfu-sliding,"","1000000","","","","10000","1","0.1"
"322","","1000000","","","","",wiki-t-10,lfu-sliding,"","1000000","","","","100000","1","0.1"
"323","","1000000","","","","",wiki-t-10,lfu-sliding,"","1000000","","","","1000000","1","0.1"
"324","","1000000","","","1",freq_over_size_times_latency,wiki-t-10,lfu-latency-byte,"","1000000","","","","","1","0.1"
"325","","1000000","","","1",freq_times_latency_over_size,wiki-t-10,lfu-latency-byte,"","1000000","","","","","1","0.1"
"326","2","1000000","1.00E-07","0.001","","",wiki-t-10,lfu-doorkeeper,"","1000000","","","","","1","0.1"
"327","2","1000000","1.00E-06","0.001","","",wiki-t-10,lfu-doorkeeper,"","1000000","","","","","1","0.1"
"328","2","1000000","1.00E-05","0.001","","",wiki-t-10,lfu-doorkeeper,"","1000000","","","","","1","0.1"
"329","2","1000000","1.00E-04","0.001","","",wiki-t-10,lfu-doorkeeper,"","1000000","","","","","1","0.1"
"330","2","1000000","1.00E-03","0.001","","",wiki-t-10,lfu-doorkeeper,"","1000000","","","","","1","0.1"
"331","2","1000000","1.00E-02","0.001","","",wiki-t-10,lfu-doorkeeper,"","1000000","","","","","1","0.1"
"332","2","1000000","1.00E-07","0.01","","",wiki-t-10,lfu-doorkeeper,"","1000000","","","","","1","0.1"
"333","2","1000000","1.00E-06","0.01","","",wiki-t-10,lfu-doorkeeper,"","1000000","","","","","1","0.1"
"334","2","1000000","1.00E-05","0.01","","",wiki-t-10,lfu-doorkeeper,"","1000000","","","","","1","0.1"
"335","2","1000000","1.00E-04","0.01","","",wiki-t-10,lfu-doorkeeper,"","1000000","","","","","1","0.1"
"336","2","1000000","1.00E-03","0.01","","",wiki-t-10,lfu-doorkeeper,"","1000000","","","","","1","0.1"
"337","2","1000000","1.00E-02","0.01","","",wiki-t-10,lfu-doorkeeper,"","1000000","","","","","1","0.1"
"338","2","1000000","1.00E-07","0.1","","",wiki-t-10,lfu-doorkeeper,"","1000000","","","","","1","0.1"
"339","2","1000000","1.00E-06","0.1","","",wiki-t-10,lfu-doorkeeper,"","1000000","","","","","1","0.1"
"340","2","1000000","1.00E-05","0.1","","",wiki-t-10,lfu-doorkeeper,"","1000000","","","","","1","0.1"
"341","2","1000000","1.00E-04","0.1","","",wiki-t-10,lfu-doorkeeper,"","1000000","","","","","1","0.1"
"342","2","1000000","1.00E-03","0.1","","",wiki-t-10,lfu-doorkeeper,"","1000000","","","","","1","0.1"
"343","2","1000000","1.00E-02","0.1","","",wiki-t-10,lfu-doorkeeper,"","1000000","","","","","1","0.1"
"344","2","1000000","1.00E-07","0.0001","","",wiki-t-10,lfu-doorkeeper,"","1000000","","","","","1","0.1"
"345","2","1000000","1.00E-06","0.0001","","",wiki-t-10,lfu-doorkeeper,"","1000000","","","","","1","0.1"
"346","2","1000000","1.00E-05","0.0001","","",wiki-t-10,lfu-doorkeeper,"","1000000","","","","","1","0.1"
"347","2","1000000","1.00E-04","0.0001","","",wiki-t-10,lfu-doorkeeper,"","1000000","","","","","1","0.1"
"348","2","1000000","1.00E-03","0.0001","","",wiki-t-10,lfu-doorkeeper,"","1000000","","","","","1","0.1"
"349","2","1000000","1.00E-02","0.0001","","",wiki-t-10,lfu-doorkeeper,"","1000000","","","","","1","0.1"
"350","3","1000000","1.00E-07","0.001","","",wiki-t-10,lfu-doorkeeper,"","1000000","","","","","1","0.1"
"351","3","1000000","1.00E-06","0.001","","",wiki-t-10,lfu-doorkeeper,"","1000000","","","","","1","0.1"
"352","3","1000000","1.00E-05","0.001","","",wiki-t-10,lfu-doorkeeper,"","1000000","","","","","1","0.1"
"353","3","1000000","1.00E-04","0.001","","",wiki-t-10,lfu-doorkeeper,"","1000000","","","","","1","0.1"
"354","3","1000000","1.00E-03","0.001","","",wiki-t-10,lfu-doorkeeper,"","1000000","","","","","1","0.1"
"355","3","1000000","1.00E-02","0.001","","",wiki-t-10,lfu-doorkeeper,"","1000000","","","","","1","0.1"
"356","3","1000000","1.00E-07","0.01","","",wiki-t-10,lfu-doorkeeper,"","1000000","","","","","1","0.1"
"357","3","1000000","1.00E-06","0.01","","",wiki-t-10,lfu-doorkeeper,"","1000000","","","","","1","0.1"
"358","3","1000000","1.00E-05","0.01","","",wiki-t-10,lfu-doorkeeper,"","1000000","","","","","1","0.1"
"359","3","1000000","1.00E-04","0.01","","",wiki-t-10,lfu-doorkeeper,"","1000000","","","","","1","0.1"
"360","3","1000000","1.00E-03","0.01","","",wiki-t-10,lfu-doorkeeper,"","1000000","","","","","1","0.1"
"361","3","1000000","1.00E-02","0.01","","",wiki-t-10,lfu-doorkeeper,"","1000000","","","","","1","0.1"
"362","3","1000000","1.00E-07","0.1","","",wiki-t-10,lfu-doorkeeper,"","1000000","","","","","1","0.1"
"363","3","1000000","1.00E-06","0.1","","",wiki-t-10,lfu-doorkeeper,"","1000000","","","","","1","0.1"
"364","3","1000000","1.00E-05","0.1","","",wiki-t-10,lfu-doorkeeper,"","1000000","","","","","1","0.1"
"365","3","1000000","1.00E-04","0.1","","",wiki-t-10,lfu-doorkeeper,"","1000000","","","","","1","0.1"
"366","3","1000000","1.00E-03","0.1","","",wiki-t-10,lfu-doorkeeper,"","1000000","","","","","1","0.1"
"367","3","1000000","1.00E-02","0.1","","",wiki-t-10,lfu-doorkeeper,"","1000000","","","","","1","0.1"
"368","3","1000000","1.00E-07","0.0001","","",wiki-t-10,lfu-doorkeeper,"","1000000","","","","","1","0.1"
"369","3","1000000","1.00E-06","0.0001","","",wiki-t-10,lfu-doorkeeper,"","1000000","","","","","1","0.1"
"370","3","1000000","1.00E-05","0.0001","","",wiki-t-10,lfu-doorkeeper,"","1000000","","","","","1","0.1"
"371","3","1000000","1.00E-04","0.0001","","",wiki-t-10,lfu-doorkeeper,"","1000000","","","","","1","0.1"
"372","3","1000000","1.00E-03","0.0001","","",wiki-t-10,lfu-doorkeeper,"","1000000","","","","","1","0.1"
"373","3","1000000","1.00E-02","0.0001","","",wiki-t-10,lfu-doorkeeper,"","1000000","","","","","1","0.1"
"374","4","1000000","1.00E-06","0.001","","",wiki-t-10,lfu-doorkeeper,"","1000000","","","","","1","0.1"
"375","4","1000000","1.00E-05","0.001","","",wiki-t-10,lfu-doorkeeper,"","1000000","","","","","1","0.1"
"376","4","1000000","1.00E-04","0.001","","",wiki-t-10,lfu-doorkeeper,"","1000000","","","","","1","0.1"
"377","4","1000000","1.00E-03","0.001","","",wiki-t-10,lfu-doorkeeper,"","1000000","","","","","1","0.1"
"378","4","1000000","1.00E-02","0.001","","",wiki-t-10,lfu-doorkeeper,"","1000000","","","","","1","0.1"
"379","4","1000000","1.00E-07","0.01","","",wiki-t-10,lfu-doorkeeper,"","1000000","","","","","1","0.1"
"380","4","1000000","1.00E-06","0.01","","",wiki-t-10,lfu-doorkeeper,"","1000000","","","","","1","0.1"
"381","4","1000000","1.00E-05","0.01","","",wiki-t-10,lfu-doorkeeper,"","1000000","","","","","1","0.1"
"382","4","1000000","1.00E-04","0.01","","",wiki-t-10,lfu-doorkeeper,"","1000000","","","","","1","0.1"
"383","4","1000000","1.00E-03","0.01","","",wiki-t-10,lfu-doorkeeper,"","1000000","","","","","1","0.1"
"384","4","1000000","1.00E-02","0.01","","",wiki-t-10,lfu-doorkeeper,"","1000000","","","","","1","0.1"
"385","4","1000000","1.00E-07","0.1","","",wiki-t-10,lfu-doorkeeper,"","1000000","","","","","1","0.1"
"386","4","1000000","1.00E-06","0.1","","",wiki-t-10,lfu-doorkeeper,"","1000000","","","","","1","0.1"
"387","4","1000000","1.00E-05","0.1","","",wiki-t-10,lfu-doorkeeper,"","1000000","","","","","1","0.1"
"388","4","1000000","1.00E-04","0.1","","",wiki-t-10,lfu-doorkeeper,"","1000000","","","","","1","0.1"
"389","4","1000000","1.00E-03","0.1","","",wiki-t-10,lfu-doorkeeper,"","1000000","","","","","1","0.1"
"390","4","1000000","1.00E-02","0.1","","",wiki-t-10,lfu-doorkeeper,"","1000000","","","","","1","0.1"
"391","4","1000000","1.00E-07","0.0001","","",wiki-t-10,lfu-doorkeeper,"","1000000","","","","","1","0.1"
"392","4","1000000","1.00E-06","0.0001","","",wiki-t-10,lfu-doorkeeper,"","1000000","","","","","1","0.1"
"393","4","1000000","1.00E-05","0.0001","","",wiki-t-10,lfu-doorkeeper,"","1000000","","","","","1","0.1"
"394","4","1000000","1.00E-04","0.0001","","",wiki-t-10,lfu-doorkeeper,"","1000000","","","","","1","0.1"
"395","4","1000000","1.00E-03","0.0001","","",wiki-t-10,lfu-doorkeeper,"","1000000","","","","","1","0.1"
"396","4","1000000","1.00E-02","0.0001","","",wiki-t-10,lfu-doorkeeper,"","1000000","","","","","1","0.1"
"397","","1000000","","","","",wiki-t-10,lfu-byte,"","1000000",freq_over_size,"","","","1","0.1"
"398","","1000000","","","","",wiki-t-10,lfu-byte,"","1000000",freq_times_size,"","","","1","0.1"
"399","","1000000","","","","",wiki-t-10,lfu-aging,"","1000000","","100","","","1","0.1"
"400","","1000000","","","","",wiki-t-10,lfu-aging,"","1000000","","1000","","","1","0.1"
"401","","1000000","","","","",wiki-t-10,lfu-aging,"","1000000","","10000","","","1","0.1"
"402","","1000000","","","","",wiki-t-10,lfu-aging,"","1000000","","100000","","","1","0.1"
"403","","1000000","","","","",wiki-t-10,lfu-aging,"","1000000","","1000000","","","1","0.1"
"404","","1000000","","","","",wiki-t-10,lfu,"","1000000","","","","","1","0.1"
"405","","100000","","","","",docker-registry-processed,two-segment,"0.1","1000000","","","","","1","0.1"
"406","","100000","","","","",docker-registry-processed,two-segment,"0.2","1000000","","","","","1","0.1"
"407","","100000","","","","",docker-registry-processed,two-segment,"0.3","1000000","","","","","1","0.1"
"408","","100000","","","","",docker-registry-processed,two-segment,"0.4","1000000","","","","","1","0.1"
"409","","100000","","","","",docker-registry-processed,two-segment,"0.5","1000000","","","","","1","0.1"
"410","","100000","","","","",docker-registry-processed,two-segment,"0.6","1000000","","","","","1","0.1"
"411","","100000","","","","",docker-registry-processed,two-segment,"0.7","1000000","","","","","1","0.1"
"412","","100000","","","","",docker-registry-processed,two-segment,"0.8","1000000","","","","","1","0.1"
"413","","100000","","","","",docker-registry-processed,two-segment,"0.9","1000000","","","","","1","0.1"
"414","","100000","","","","",docker-registry-processed,tiny-lfu-byte,"","1000000","","","100","","1","0.1"
"415","","100000","","","","",docker-registry-processed,tiny-lfu-byte,"","1000000","","","1000","","1","0.1"
"416","","100000","","","","",docker-registry-processed,tiny-lfu-byte,"","1000000","","","10000","","1","0.1"
"417","","100000","","","","",docker-registry-processed,tiny-lfu-byte,"","1000000","","","100000","","1","0.1"
"418","","100000","","","","",docker-registry-processed,tiny-lfu-byte,"","1000000","","","1000000","","1","0.1"
"419","","100000","","","","",docker-registry-processed,lru,"","1000000","","","","","1","0.1"
"420","","100000","","","","",docker-registry-processed,lfu-sliding,"","1000000","","","","100","1","0.1"
"421","","100000","","","","",docker-registry-processed,lfu-sliding,"","1000000","","","","1000","1","0.1"
"422","","100000","","","","",docker-registry-processed,lfu-sliding,"","1000000","","","","10000","1","0.1"
"423","","100000","","","","",docker-registry-processed,lfu-sliding,"","1000000","","","","100000","1","0.1"
"424","","100000","","","","",docker-registry-processed,lfu-sliding,"","1000000","","","","1000000","1","0.1"
"425","","100000","","","1",freq_over_size_times_latency,docker-registry-processed,lfu-latency-byte,"","1000000","","","","","1","0.1"
"426","","100000","","","1",freq_times_latency_over_size,docker-registry-processed,lfu-latency-byte,"","1000000","","","","","1","0.1"
"427","2","100000","1.00E-07","0.001","","",docker-registry-processed,lfu-doorkeeper,"","1000000","","","","","1","0.1"
"428","2","100000","1.00E-06","0.001","","",docker-registry-processed,lfu-doorkeeper,"","1000000","","","","","1","0.1"
"429","2","100000","1.00E-05","0.001","","",docker-registry-processed,lfu-doorkeeper,"","1000000","","","","","1","0.1"
"430","2","100000","1.00E-04","0.001","","",docker-registry-processed,lfu-doorkeeper,"","1000000","","","","","1","0.1"
"431","2","100000","1.00E-03","0.001","","",docker-registry-processed,lfu-doorkeeper,"","1000000","","","","","1","0.1"
"432","2","100000","1.00E-02","0.001","","",docker-registry-processed,lfu-doorkeeper,"","1000000","","","","","1","0.1"
"433","2","100000","1.00E-07","0.01","","",docker-registry-processed,lfu-doorkeeper,"","1000000","","","","","1","0.1"
"434","2","100000","1.00E-06","0.01","","",docker-registry-processed,lfu-doorkeeper,"","1000000","","","","","1","0.1"
"435","2","100000","1.00E-05","0.01","","",docker-registry-processed,lfu-doorkeeper,"","1000000","","","","","1","0.1"
"436","2","100000","1.00E-04","0.01","","",docker-registry-processed,lfu-doorkeeper,"","1000000","","","","","1","0.1"
"437","2","100000","1.00E-03","0.01","","",docker-registry-processed,lfu-doorkeeper,"","1000000","","","","","1","0.1"
"438","2","100000","1.00E-02","0.01","","",docker-registry-processed,lfu-doorkeeper,"","1000000","","","","","1","0.1"
"439","2","100000","1.00E-07","0.1","","",docker-registry-processed,lfu-doorkeeper,"","1000000","","","","","1","0.1"
"440","2","100000","1.00E-06","0.1","","",docker-registry-processed,lfu-doorkeeper,"","1000000","","","","","1","0.1"
"441","2","100000","1.00E-05","0.1","","",docker-registry-processed,lfu-doorkeeper,"","1000000","","","","","1","0.1"
"442","2","100000","1.00E-04","0.1","","",docker-registry-processed,lfu-doorkeeper,"","1000000","","","","","1","0.1"
"443","2","100000","1.00E-03","0.1","","",docker-registry-processed,lfu-doorkeeper,"","1000000","","","","","1","0.1"
"444","2","100000","1.00E-02","0.1","","",docker-registry-processed,lfu-doorkeeper,"","1000000","","","","","1","0.1"
"445","2","100000","1.00E-07","0.0001","","",docker-registry-processed,lfu-doorkeeper,"","1000000","","","","","1","0.1"
"446","2","100000","1.00E-06","0.0001","","",docker-registry-processed,lfu-doorkeeper,"","1000000","","","","","1","0.1"
"447","2","100000","1.00E-05","0.0001","","",docker-registry-processed,lfu-doorkeeper,"","1000000","","","","","1","0.1"
"448","2","100000","1.00E-04","0.0001","","",docker-registry-processed,lfu-doorkeeper,"","1000000","","","","","1","0.1"
"449","2","100000","1.00E-03","0.0001","","",docker-registry-processed,lfu-doorkeeper,"","1000000","","","","","1","0.1"
"450","2","100000","1.00E-02","0.0001","","",docker-registry-processed,lfu-doorkeeper,"","1000000","","","","","1","0.1"
"451","3","100000","1.00E-07","0.001","","",docker-registry-processed,lfu-doorkeeper,"","1000000","","","","","1","0.1"
"452","3","100000","1.00E-06","0.001","","",docker-registry-processed,lfu-doorkeeper,"","1000000","","","","","1","0.1"
"453","3","100000","1.00E-05","0.001","","",docker-registry-processed,lfu-doorkeeper,"","1000000","","","","","1","0.1"
"454","3","100000","1.00E-04","0.001","","",docker-registry-processed,lfu-doorkeeper,"","1000000","","","","","1","0.1"
"455","3","100000","1.00E-03","0.001","","",docker-registry-processed,lfu-doorkeeper,"","1000000","","","","","1","0.1"
"456","3","100000","1.00E-02","0.001","","",docker-registry-processed,lfu-doorkeeper,"","1000000","","","","","1","0.1"
"457","3","100000","1.00E-07","0.01","","",docker-registry-processed,lfu-doorkeeper,"","1000000","","","","","1","0.1"
"458","3","100000","1.00E-06","0.01","","",docker-registry-processed,lfu-doorkeeper,"","1000000","","","","","1","0.1"
"459","3","100000","1.00E-05","0.01","","",docker-registry-processed,lfu-doorkeeper,"","1000000","","","","","1","0.1"
"460","3","100000","1.00E-04","0.01","","",docker-registry-processed,lfu-doorkeeper,"","1000000","","","","","1","0.1"
"461","3","100000","1.00E-03","0.01","","",docker-registry-processed,lfu-doorkeeper,"","1000000","","","","","1","0.1"
"462","3","100000","1.00E-02","0.01","","",docker-registry-processed,lfu-doorkeeper,"","1000000","","","","","1","0.1"
"463","3","100000","1.00E-07","0.1","","",docker-registry-processed,lfu-doorkeeper,"","1000000","","","","","1","0.1"
"464","3","100000","1.00E-06","0.1","","",docker-registry-processed,lfu-doorkeeper,"","1000000","","","","","1","0.1"
"465","3","100000","1.00E-05","0.1","","",docker-registry-processed,lfu-doorkeeper,"","1000000","","","","","1","0.1"
"466","3","100000","1.00E-04","0.1","","",docker-registry-processed,lfu-doorkeeper,"","1000000","","","","","1","0.1"
"467","3","100000","1.00E-03","0.1","","",docker-registry-processed,lfu-doorkeeper,"","1000000","","","","","1","0.1"
"468","3","100000","1.00E-02","0.1","","",docker-registry-processed,lfu-doorkeeper,"","1000000","","","","","1","0.1"
"469","3","100000","1.00E-07","0.0001","","",docker-registry-processed,lfu-doorkeeper,"","1000000","","","","","1","0.1"
"470","3","100000","1.00E-06","0.0001","","",docker-registry-processed,lfu-doorkeeper,"","1000000","","","","","1","0.1"
"471","3","100000","1.00E-05","0.0001","","",docker-registry-processed,lfu-doorkeeper,"","1000000","","","","","1","0.1"
"472","3","100000","1.00E-04","0.0001","","",docker-registry-processed,lfu-doorkeeper,"","1000000","","","","","1","0.1"
"473","3","100000","1.00E-03","0.0001","","",docker-registry-processed,lfu-doorkeeper,"","1000000","","","","","1","0.1"
"474","3","100000","1.00E-02","0.0001","","",docker-registry-processed,lfu-doorkeeper,"","1000000","","","","","1","0.1"
"475","4","100000","1.00E-06","0.001","","",docker-registry-processed,lfu-doorkeeper,"","1000000","","","","","1","0.1"
"476","4","100000","1.00E-05","0.001","","",docker-registry-processed,lfu-doorkeeper,"","1000000","","","","","1","0.1"
"477","4","100000","1.00E-04","0.001","","",docker-registry-processed,lfu-doorkeeper,"","1000000","","","","","1","0.1"
"478","4","100000","1.00E-03","0.001","","",docker-registry-processed,lfu-doorkeeper,"","1000000","","","","","1","0.1"
"479","4","100000","1.00E-02","0.001","","",docker-registry-processed,lfu-doorkeeper,"","1000000","","","","","1","0.1"
"480","4","100000","1.00E-07","0.01","","",docker-registry-processed,lfu-doorkeeper,"","1000000","","","","","1","0.1"
"481","4","100000","1.00E-06","0.01","","",docker-registry-processed,lfu-doorkeeper,"","1000000","","","","","1","0.1"
"482","4","100000","1.00E-05","0.01","","",docker-registry-processed,lfu-doorkeeper,"","1000000","","","","","1","0.1"
"483","4","100000","1.00E-04","0.01","","",docker-registry-processed,lfu-doorkeeper,"","1000000","","","","","1","0.1"
"484","4","100000","1.00E-03","0.01","","",docker-registry-processed,lfu-doorkeeper,"","1000000","","","","","1","0.1"
"485","4","100000","1.00E-02","0.01","","",docker-registry-processed,lfu-doorkeeper,"","1000000","","","","","1","0.1"
"486","4","100000","1.00E-07","0.1","","",docker-registry-processed,lfu-doorkeeper,"","1000000","","","","","1","0.1"
"487","4","100000","1.00E-06","0.1","","",docker-registry-processed,lfu-doorkeeper,"","1000000","","","","","1","0.1"
"488","4","100000","1.00E-05","0.1","","",docker-registry-processed,lfu-doorkeeper,"","1000000","","","","","1","0.1"
"489","4","100000","1.00E-04","0.1","","",docker-registry-processed,lfu-doorkeeper,"","1000000","","","","","1","0.1"
"490","4","100000","1.00E-03","0.1","","",docker-registry-processed,lfu-doorkeeper,"","1000000","","","","","1","0.1"
"491","4","100000","1.00E-02","0.1","","",docker-registry-processed,lfu-doorkeeper,"","1000000","","","","","1","0.1"
"492","4","100000","1.00E-07","0.0001","","",docker-registry-processed,lfu-doorkeeper,"","1000000","","","","","1","0.1"
"493","4","100000","1.00E-06","0.0001","","",docker-registry-processed,lfu-doorkeeper,"","1000000","","","","","1","0.1"
"494","4","100000","1.00E-05","0.0001","","",docker-registry-processed,lfu-doorkeeper,"","1000000","","","","","1","0.1"
"495","4","100000","1.00E-04","0.0001","","",docker-registry-processed,lfu-doorkeeper,"","1000000","","","","","1","0.1"
"496","4","100000","1.00E-03","0.0001","","",docker-registry-processed,lfu-doorkeeper,"","1000000","","","","","1","0.1"
"497","4","100000","1.00E-02","0.0001","","",docker-registry-processed,lfu-doorkeeper,"","1000000","","","","","1","0.1"
"498","","100000","","","","",docker-registry-processed,lfu-byte,"","1000000",freq_over_size,"","","","1","0.1"
"499","","100000","","","","",docker-registry-processed,lfu-byte,"","1000000",freq_times_size,"","","","1","0.1"
"500","","100000","","","","",docker-registry-processed,lfu-aging,"","1000000","","100","","","1","0.1"
"501","","100000","","","","",docker-registry-processed,lfu-aging,"","1000000","","1000","","","1","0.1"
"502","","100000","","","","",docker-registry-processed,lfu-aging,"","1000000","","10000","","","1","0.1"
"503","","100000","","","","",docker-registry-processed,lfu-aging,"","1000000","","100000","","","1","0.1"
"504","","100000","","","","",docker-registry-processed,lfu-aging,"","1000000","","1000000","","","1","0.1"
"505","","100000","","","","",docker-registry-processed,lfu,"","1000000","","","","","1","0.1"
"506","","100000","","","","",wiki-t-10,two-segment,"0.1","1000000","","","","","1","0.1"
"507","","100000","","","","",wiki-t-10,two-segment,"0.2","1000000","","","","","1","0.1"
"508","","100000","","","","",wiki-t-10,two-segment,"0.3","1000000","","","","","1","0.1"
"509","","100000","","","","",wiki-t-10,two-segment,"0.4","1000000","","","","","1","0.1"
"510","","100000","","","","",wiki-t-10,two-segment,"0.5","1000000","","","","","1","0.1"
"511","","100000","","","","",wiki-t-10,two-segment,"0.6","1000000","","","","","1","0.1"
"512","","100000","","","","",wiki-t-10,two-segment,"0.7","1000000","","","","","1","0.1"
"513","","100000","","","","",wiki-t-10,two-segment,"0.8","1000000","","","","","1","0.1"
"514","","100000","","","","",wiki-t-10,two-segment,"0.9","1000000","","","","","1","0.1"
"515","","100000","","","","",wiki-t-10,tiny-lfu-byte,"","1000000","","","100","","1","0.1"
"516","","100000","","","","",wiki-t-10,tiny-lfu-byte,"","1000000","","","1000","","1","0.1"
"517","","100000","","","","",wiki-t-10,tiny-lfu-byte,"","1000000","","","10000","","1","0.1"
"518","","100000","","","","",wiki-t-10,tiny-lfu-byte,"","1000000","","","100000","","1","0.1"
"519","","100000","","","","",wiki-t-10,tiny-lfu-byte,"","1000000","","","1000000","","1","0.1"
"520","","100000","","","","",wiki-t-10,lru,"","1000000","","","","","1","0.1"
"521","","100000","","","","",wiki-t-10,lfu-sliding,"","1000000","","","","100","1","0.1"
"522","","100000","","","","",wiki-t-10,lfu-sliding,"","1000000","","","","1000","1","0.1"
"523","","100000","","","","",wiki-t-10,lfu-sliding,"","1000000","","","","10000","1","0.1"
"524","","100000","","","","",wiki-t-10,lfu-sliding,"","1000000","","","","100000","1","0.1"
"525","","100000","","","","",wiki-t-10,lfu-sliding,"","1000000","","","","1000000","1","0.1"
"526","","100000","","","1",freq_over_size_times_latency,wiki-t-10,lfu-latency-byte,"","1000000","","","","","1","0.1"
"527","","100000","","","1",freq_times_latency_over_size,wiki-t-10,lfu-latency-byte,"","1000000","","","","","1","0.1"
"528","2","100000","1.00E-07","0.001","","",wiki-t-10,lfu-doorkeeper,"","1000000","","","","","1","0.1"
"529","2","100000","1.00E-06","0.001","","",wiki-t-10,lfu-doorkeeper,"","1000000","","","","","1","0.1"
"530","2","100000","1.00E-05","0.001","","",wiki-t-10,lfu-doorkeeper,"","1000000","","","","","1","0.1"
"531","2","100000","1.00E-04","0.001","","",wiki-t-10,lfu-doorkeeper,"","1000000","","","","","1","0.1"
"532","2","100000","1.00E-03","0.001","","",wiki-t-10,lfu-doorkeeper,"","1000000","","","","","1","0.1"
"533","2","100000","1.00E-02","0.001","","",wiki-t-10,lfu-doorkeeper,"","1000000","","","","","1","0.1"
"534","2","100000","1.00E-07","0.01","","",wiki-t-10,lfu-doorkeeper,"","1000000","","","","","1","0.1"
"535","2","100000","1.00E-06","0.01","","",wiki-t-10,lfu-doorkeeper,"","1000000","","","","","1","0.1"
"536","2","100000","1.00E-05","0.01","","",wiki-t-10,lfu-doorkeeper,"","1000000","","","","","1","0.1"
"537","2","100000","1.00E-04","0.01","","",wiki-t-10,lfu-doorkeeper,"","1000000","","","","","1","0.1"
"538","2","100000","1.00E-03","0.01","","",wiki-t-10,lfu-doorkeeper,"","1000000","","","","","1","0.1"
"539","2","100000","1.00E-02","0.01","","",wiki-t-10,lfu-doorkeeper,"","1000000","","","","","1","0.1"
"540","2","100000","1.00E-07","0.1","","",wiki-t-10,lfu-doorkeeper,"","1000000","","","","","1","0.1"
"541","2","100000","1.00E-06","0.1","","",wiki-t-10,lfu-doorkeeper,"","1000000","","","","","1","0.1"
"542","2","100000","1.00E-05","0.1","","",wiki-t-10,lfu-doorkeeper,"","1000000","","","","","1","0.1"
"543","2","100000","1.00E-04","0.1","","",wiki-t-10,lfu-doorkeeper,"","1000000","","","","","1","0.1"
"544","2","100000","1.00E-03","0.1","","",wiki-t-10,lfu-doorkeeper,"","1000000","","","","","1","0.1"
"545","2","100000","1.00E-02","0.1","","",wiki-t-10,lfu-doorkeeper,"","1000000","","","","","1","0.1"
"546","2","100000","1.00E-07","0.0001","","",wiki-t-10,lfu-doorkeeper,"","1000000","","","","","1","0.1"
"547","2","100000","1.00E-06","0.0001","","",wiki-t-10,lfu-doorkeeper,"","1000000","","","","","1","0.1"
"548","2","100000","1.00E-05","0.0001","","",wiki-t-10,lfu-doorkeeper,"","1000000","","","","","1","0.1"
"549","2","100000","1.00E-04","0.0001","","",wiki-t-10,lfu-doorkeeper,"","1000000","","","","","1","0.1"
"550","2","100000","1.00E-03","0.0001","","",wiki-t-10,lfu-doorkeeper,"","1000000","","","","","1","0.1"
"551","2","100000","1.00E-02","0.0001","","",wiki-t-10,lfu-doorkeeper,"","1000000","","","","","1","0.1"
"552","3","100000","1.00E-07","0.001","","",wiki-t-10,lfu-doorkeeper,"","1000000","","","","","1","0.1"
"553","3","100000","1.00E-06","0.001","","",wiki-t-10,lfu-doorkeeper,"","1000000","","","","","1","0.1"
"554","3","100000","1.00E-05","0.001","","",wiki-t-10,lfu-doorkeeper,"","1000000","","","","","1","0.1"
"555","3","100000","1.00E-04","0.001","","",wiki-t-10,lfu-doorkeeper,"","1000000","","","","","1","0.1"
"556","3","100000","1.00E-03","0.001","","",wiki-t-10,lfu-doorkeeper,"","1000000","","","","","1","0.1"
"557","3","100000","1.00E-02","0.001","","",wiki-t-10,lfu-doorkeeper,"","1000000","","","","","1","0.1"
"558","3","100000","1.00E-07","0.01","","",wiki-t-10,lfu-doorkeeper,"","1000000","","","","","1","0.1"
"559","3","100000","1.00E-06","0.01","","",wiki-t-10,lfu-doorkeeper,"","1000000","","","","","1","0.1"
"560","3","100000","1.00E-05","0.01","","",wiki-t-10,lfu-doorkeeper,"","1000000","","","","","1","0.1"
"561","3","100000","1.00E-04","0.01","","",wiki-t-10,lfu-doorkeeper,"","1000000","","","","","1","0.1"
"562","3","100000","1.00E-03","0.01","","",wiki-t-10,lfu-doorkeeper,"","1000000","","","","","1","0.1"
"563","3","100000","1.00E-02","0.01","","",wiki-t-10,lfu-doorkeeper,"","1000000","","","","","1","0.1"
"564","3","100000","1.00E-07","0.1","","",wiki-t-10,lfu-doorkeeper,"","1000000","","","","","1","0.1"
"565","3","100000","1.00E-06","0.1","","",wiki-t-10,lfu-doorkeeper,"","1000000","","","","","1","0.1"
"566","3","100000","1.00E-05","0.1","","",wiki-t-10,lfu-doorkeeper,"","1000000","","","","","1","0.1"
"567","3","100000","1.00E-04","0.1","","",wiki-t-10,lfu-doorkeeper,"","1000000","","","","","1","0.1"
"568","3","100000","1.00E-03","0.1","","",wiki-t-10,lfu-doorkeeper,"","1000000","","","","","1","0.1"
"569","3","100000","1.00E-02","0.1","","",wiki-t-10,lfu-doorkeeper,"","1000000","","","","","1","0.1"
"570","3","100000","1.00E-07","0.0001","","",wiki-t-10,lfu-doorkeeper,"","1000000","","","","","1","0.1"
"571","3","100000","1.00E-06","0.0001","","",wiki-t-10,lfu-doorkeeper,"","1000000","","","","","1","0.1"
"572","3","100000","1.00E-05","0.0001","","",wiki-t-10,lfu-doorkeeper,"","1000000","","","","","1","0.1"
"573","3","100000","1.00E-04","0.0001","","",wiki-t-10,lfu-doorkeeper,"","1000000","","","","","1","0.1"
"574","3","100000","1.00E-03","0.0001","","",wiki-t-10,lfu-doorkeeper,"","1000000","","","","","1","0.1"
"575","3","100000","1.00E-02","0.0001","","",wiki-t-10,lfu-doorkeeper,"","1000000","","","","","1","0.1"
"576","4","100000","1.00E-06","0.001","","",wiki-t-10,lfu-doorkeeper,"","1000000","","","","","1","0.1"
"577","4","100000","1.00E-05","0.001","","",wiki-t-10,lfu-doorkeeper,"","1000000","","","","","1","0.1"
"578","4","100000","1.00E-04","0.001","","",wiki-t-10,lfu-doorkeeper,"","1000000","","","","","1","0.1"
"579","4","100000","1.00E-03","0.001","","",wiki-t-10,lfu-doorkeeper,"","1000000","","","","","1","0.1"
"580","4","100000","1.00E-02","0.001","","",wiki-t-10,lfu-doorkeeper,"","1000000","","","","","1","0.1"
"581","4","100000","1.00E-07","0.01","","",wiki-t-10,lfu-doorkeeper,"","1000000","","","","","1","0.1"
"582","4","100000","1.00E-06","0.01","","",wiki-t-10,lfu-doorkeeper,"","1000000","","","","","1","0.1"
"583","4","100000","1.00E-05","0.01","","",wiki-t-10,lfu-doorkeeper,"","1000000","","","","","1","0.1"
"584","4","100000","1.00E-04","0.01","","",wiki-t-10,lfu-doorkeeper,"","1000000","","","","","1","0.1"
"585","4","100000","1.00E-03","0.01","","",wiki-t-10,lfu-doorkeeper,"","1000000","","","","","1","0.1"
"586","4","100000","1.00E-02","0.01","","",wiki-t-10,lfu-doorkeeper,"","1000000","","","","","1","0.1"
"587","4","100000","1.00E-07","0.1","","",wiki-t-10,lfu-doorkeeper,"","1000000","","","","","1","0.1"
"588","4","100000","1.00E-06","0.1","","",wiki-t-10,lfu-doorkeeper,"","1000000","","","","","1","0.1"
"589","4","100000","1.00E-05","0.1","","",wiki-t-10,lfu-doorkeeper,"","1000000","","","","","1","0.1"
"590","4","100000","1.00E-04","0.1","","",wiki-t-10,lfu-doorkeeper,"","1000000","","","","","1","0.1"
"591","4","100000","1.00E-03","0.1","","",wiki-t-10,lfu-doorkeeper,"","1000000","","","","","1","0.1"
"592","4","100000","1.00E-02","0.1","","",wiki-t-10,lfu-doorkeeper,"","1000000","","","","","1","0.1"
"593","4","100000","1.00E-07","0.0001","","",wiki-t-10,lfu-doorkeeper,"","1000000","","","","","1","0.1"
"594","4","100000","1.00E-06","0.0001","","",wiki-t-10,lfu-doorkeeper,"","1000000","","","","","1","0.1"
"595","4","100000","1.00E-05","0.0001","","",wiki-t-10,lfu-doorkeeper,"","1000000","","","","","1","0.1"
"596","4","100000","1.00E-04","0.0001","","",wiki-t-10,lfu-doorkeeper,"","1000000","","","","","1","0.1"
"597","4","100000","1.00E-03","0.0001","","",wiki-t-10,lfu-doorkeeper,"","1000000","","","","","1","0.1"
"598","4","100000","1.00E-02","0.0001","","",wiki-t-10,lfu-doorkeeper,"","1000000","","","","","1","0.1"
"599","","100000","","","","",wiki-t-10,lfu-byte,"","1000000",freq_over_size,"","","","1","0.1"
"600","","100000","","","","",wiki-t-10,lfu-byte,"","1000000",freq_times_size,"","","","1","0.1"
"601","","100000","","","","",wiki-t-10,lfu-aging,"","1000000","","100","","","1","0.1"
"602","","100000","","","","",wiki-t-10,lfu-aging,"","1000000","","1000","","","1","0.1"
"603","","100000","","","","",wiki-t-10,lfu-aging,"","1000000","","10000","","","1","0.1"
"604","","100000","","","","",wiki-t-10,lfu-aging,"","1000000","","100000","","","1","0.1"
"605","","100000","","","","",wiki-t-10,lfu-aging,"","1000000","","1000000","","","1","0.1"
"606","","100000","","","","",wiki-t-10,lfu,"","1000000","","","","","1","0.1"
"607","","100000000","","","","",docker-registry-processed,two-segment,"0.1","1000000","","","","","1","0.1"
"608","","100000000","","","","",docker-registry-processed,two-segment,"0.2","1000000","","","","","1","0.1"
"609","","100000000","","","","",docker-registry-processed,two-segment,"0.3","1000000","","","","","1","0.1"
"610","","100000000","","","","",docker-registry-processed,two-segment,"0.4","1000000","","","","","1","0.1"
"611","","100000000","","","","",docker-registry-processed,two-segment,"0.5","1000000","","","","","1","0.1"
"612","","100000000","","","","",docker-registry-processed,two-segment,"0.6","1000000","","","","","1","0.1"
"613","","100000000","","","","",docker-registry-processed,two-segment,"0.7","1000000","","","","","1","0.1"
"614","","100000000","","","","",docker-registry-processed,two-segment,"0.8","1000000","","","","","1","0.1"
"615","","100000000","","","","",docker-registry-processed,two-segment,"0.9","1000000","","","","","1","0.1"
"616","","100000000","","","","",docker-registry-processed,tiny-lfu-byte,"","1000000","","","100","","1","0.1"
"617","","100000000","","","","",docker-registry-processed,tiny-lfu-byte,"","1000000","","","1000","","1","0.1"
"618","","100000000","","","","",docker-registry-processed,tiny-lfu-byte,"","1000000","","","10000","","1","0.1"
"619","","100000000","","","","",docker-registry-processed,tiny-lfu-byte,"","1000000","","","100000","","1","0.1"
"620","","100000000","","","","",docker-registry-processed,tiny-lfu-byte,"","1000000","","","1000000","","1","0.1"
"621","","100000000","","","","",docker-registry-processed,lru,"","1000000","","","","","1","0.1"
"622","","100000000","","","","",docker-registry-processed,lfu-sliding,"","1000000","","","","100","1","0.1"
"623","","100000000","","","","",docker-registry-processed,lfu-sliding,"","1000000","","","","1000","1","0.1"
"624","","100000000","","","","",docker-registry-processed,lfu-sliding,"","1000000","","","","10000","1","0.1"
"625","","100000000","","","","",docker-registry-processed,lfu-sliding,"","1000000","","","","100000","1","0.1"
"626","","100000000","","","","",docker-registry-processed,lfu-sliding,"","1000000","","","","1000000","1","0.1"
"627","","100000000","","","1",freq_over_size_times_latency,docker-registry-processed,lfu-latency-byte,"","1000000","","","","","1","0.1"
"628","","100000000","","","1",freq_times_latency_over_size,docker-registry-processed,lfu-latency-byte,"","1000000","","","","","1","0.1"
"629","2","100000000","1.00E-07","0.001","","",docker-registry-processed,lfu-doorkeeper,"","1000000","","","","","1","0.1"
"630","2","100000000","1.00E-06","0.001","","",docker-registry-processed,lfu-doorkeeper,"","1000000","","","","","1","0.1"
"631","2","100000000","1.00E-05","0.001","","",docker-registry-processed,lfu-doorkeeper,"","1000000","","","","","1","0.1"
"632","2","100000000","1.00E-04","0.001","","",docker-registry-processed,lfu-doorkeeper,"","1000000","","","","","1","0.1"
"633","2","100000000","1.00E-03","0.001","","",docker-registry-processed,lfu-doorkeeper,"","1000000","","","","","1","0.1"
"634","2","100000000","1.00E-02","0.001","","",docker-registry-processed,lfu-doorkeeper,"","1000000","","","","","1","0.1"
"635","2","100000000","1.00E-07","0.01","","",docker-registry-processed,lfu-doorkeeper,"","1000000","","","","","1","0.1"
"636","2","100000000","1.00E-06","0.01","","",docker-registry-processed,lfu-doorkeeper,"","1000000","","","","","1","0.1"
"637","2","100000000","1.00E-05","0.01","","",docker-registry-processed,lfu-doorkeeper,"","1000000","","","","","1","0.1"
"638","2","100000000","1.00E-04","0.01","","",docker-registry-processed,lfu-doorkeeper,"","1000000","","","","","1","0.1"
"639","2","100000000","1.00E-03","0.01","","",docker-registry-processed,lfu-doorkeeper,"","1000000","","","","","1","0.1"
"640","2","100000000","1.00E-02","0.01","","",docker-registry-processed,lfu-doorkeeper,"","1000000","","","","","1","0.1"
"641","2","100000000","1.00E-07","0.1","","",docker-registry-processed,lfu-doorkeeper,"","1000000","","","","","1","0.1"
"642","2","100000000","1.00E-06","0.1","","",docker-registry-processed,lfu-doorkeeper,"","1000000","","","","","1","0.1"
"643","2","100000000","1.00E-05","0.1","","",docker-registry-processed,lfu-doorkeeper,"","1000000","","","","","1","0.1"
"644","2","100000000","1.00E-04","0.1","","",docker-registry-processed,lfu-doorkeeper,"","1000000","","","","","1","0.1"
"645","2","100000000","1.00E-03","0.1","","",docker-registry-processed,lfu-doorkeeper,"","1000000","","","","","1","0.1"
"646","2","100000000","1.00E-02","0.1","","",docker-registry-processed,lfu-doorkeeper,"","1000000","","","","","1","0.1"
"647","2","100000000","1.00E-07","0.0001","","",docker-registry-processed,lfu-doorkeeper,"","1000000","","","","","1","0.1"
"648","2","100000000","1.00E-06","0.0001","","",docker-registry-processed,lfu-doorkeeper,"","1000000","","","","","1","0.1"
"649","2","100000000","1.00E-05","0.0001","","",docker-registry-processed,lfu-doorkeeper,"","1000000","","","","","1","0.1"
"650","2","100000000","1.00E-04","0.0001","","",docker-registry-processed,lfu-doorkeeper,"","1000000","","","","","1","0.1"
"651","2","100000000","1.00E-03","0.0001","","",docker-registry-processed,lfu-doorkeeper,"","1000000","","","","","1","0.1"
"652","2","100000000","1.00E-02","0.0001","","",docker-registry-processed,lfu-doorkeeper,"","1000000","","","","","1","0.1"
"653","3","100000000","1.00E-07","0.001","","",docker-registry-processed,lfu-doorkeeper,"","1000000","","","","","1","0.1"
"654","3","100000000","1.00E-06","0.001","","",docker-registry-processed,lfu-doorkeeper,"","1000000","","","","","1","0.1"
"655","3","100000000","1.00E-05","0.001","","",docker-registry-processed,lfu-doorkeeper,"","1000000","","","","","1","0.1"
"656","3","100000000","1.00E-04","0.001","","",docker-registry-processed,lfu-doorkeeper,"","1000000","","","","","1","0.1"
"657","3","100000000","1.00E-03","0.001","","",docker-registry-processed,lfu-doorkeeper,"","1000000","","","","","1","0.1"
"658","3","100000000","1.00E-02","0.001","","",docker-registry-processed,lfu-doorkeeper,"","1000000","","","","","1","0.1"
"659","3","100000000","1.00E-07","0.01","","",docker-registry-processed,lfu-doorkeeper,"","1000000","","","","","1","0.1"
"660","3","100000000","1.00E-06","0.01","","",docker-registry-processed,lfu-doorkeeper,"","1000000","","","","","1","0.1"
"661","3","100000000","1.00E-05","0.01","","",docker-registry-processed,lfu-doorkeeper,"","1000000","","","","","1","0.1"
"662","3","100000000","1.00E-04","0.01","","",docker-registry-processed,lfu-doorkeeper,"","1000000","","","","","1","0.1"
"663","3","100000000","1.00E-03","0.01","","",docker-registry-processed,lfu-doorkeeper,"","1000000","","","","","1","0.1"
"664","3","100000000","1.00E-02","0.01","","",docker-registry-processed,lfu-doorkeeper,"","1000000","","","","","1","0.1"
"665","3","100000000","1.00E-07","0.1","","",docker-registry-processed,lfu-doorkeeper,"","1000000","","","","","1","0.1"
"666","3","100000000","1.00E-06","0.1","","",docker-registry-processed,lfu-doorkeeper,"","1000000","","","","","1","0.1"
"667","3","100000000","1.00E-05","0.1","","",docker-registry-processed,lfu-doorkeeper,"","1000000","","","","","1","0.1"
"668","3","100000000","1.00E-04","0.1","","",docker-registry-processed,lfu-doorkeeper,"","1000000","","","","","1","0.1"
"669","3","100000000","1.00E-03","0.1","","",docker-registry-processed,lfu-doorkeeper,"","1000000","","","","","1","0.1"
"670","3","100000000","1.00E-02","0.1","","",docker-registry-processed,lfu-doorkeeper,"","1000000","","","","","1","0.1"
"671","3","100000000","1.00E-07","0.0001","","",docker-registry-processed,lfu-doorkeeper,"","1000000","","","","","1","0.1"
"672","3","100000000","1.00E-06","0.0001","","",docker-registry-processed,lfu-doorkeeper,"","1000000","","","","","1","0.1"
"673","3","100000000","1.00E-05","0.0001","","",docker-registry-processed,lfu-doorkeeper,"","1000000","","","","","1","0.1"
"674","3","100000000","1.00E-04","0.0001","","",docker-registry-processed,lfu-doorkeeper,"","1000000","","","","","1","0.1"
"675","3","100000000","1.00E-03","0.0001","","",docker-registry-processed,lfu-doorkeeper,"","1000000","","","","","1","0.1"
"676","3","100000000","1.00E-02","0.0001","","",docker-registry-processed,lfu-doorkeeper,"","1000000","","","","","1","0.1"
"677","4","100000000","1.00E-06","0.001","","",docker-registry-processed,lfu-doorkeeper,"","1000000","","","","","1","0.1"
"678","4","100000000","1.00E-05","0.001","","",docker-registry-processed,lfu-doorkeeper,"","1000000","","","","","1","0.1"
"679","4","100000000","1.00E-04","0.001","","",docker-registry-processed,lfu-doorkeeper,"","1000000","","","","","1","0.1"
"680","4","100000000","1.00E-03","0.001","","",docker-registry-processed,lfu-doorkeeper,"","1000000","","","","","1","0.1"
"681","4","100000000","1.00E-02","0.001","","",docker-registry-processed,lfu-doorkeeper,"","1000000","","","","","1","0.1"
"682","4","100000000","1.00E-07","0.01","","",docker-registry-processed,lfu-doorkeeper,"","1000000","","","","","1","0.1"
"683","4","100000000","1.00E-06","0.01","","",docker-registry-processed,lfu-doorkeeper,"","1000000","","","","","1","0.1"
"684","4","100000000","1.00E-05","0.01","","",docker-registry-processed,lfu-doorkeeper,"","1000000","","","","","1","0.1"
"685","4","100000000","1.00E-04","0.01","","",docker-registry-processed,lfu-doorkeeper,"","1000000","","","","","1","0.1"
"686","4","100000000","1.00E-03","0.01","","",docker-registry-processed,lfu-doorkeeper,"","1000000","","","","","1","0.1"
"687","4","100000000","1.00E-02","0.01","","",docker-registry-processed,lfu-doorkeeper,"","1000000","","","","","1","0.1"
"688","4","100000000","1.00E-07","0.1","","",docker-registry-processed,lfu-doorkeeper,"","1000000","","","","","1","0.1"
"689","4","100000000","1.00E-06","0.1","","",docker-registry-processed,lfu-doorkeeper,"","1000000","","","","","1","0.1"
"690","4","100000000","1.00E-05","0.1","","",docker-registry-processed,lfu-doorkeeper,"","1000000","","","","","1","0.1"
"691","4","100000000","1.00E-04","0.1","","",docker-registry-processed,lfu-doorkeeper,"","1000000","","","","","1","0.1"
"692","4","100000000","1.00E-03","0.1","","",docker-registry-processed,lfu-doorkeeper,"","1000000","","","","","1","0.1"
"693","4","100000000","1.00E-02","0.1","","",docker-registry-processed,lfu-doorkeeper,"","1000000","","","","","1","0.1"
"694","4","100000000","1.00E-07","0.0001","","",docker-registry-processed,lfu-doorkeeper,"","1000000","","","","","1","0.1"
"695","4","100000000","1.00E-06","0.0001","","",docker-registry-processed,lfu-doorkeeper,"","1000000","","","","","1","0.1"
"696","4","100000000","1.00E-05","0.0001","","",docker-registry-processed,lfu-doorkeeper,"","1000000","","","","","1","0.1"
"697","4","100000000","1.00E-04","0.0001","","",docker-registry-processed,lfu-doorkeeper,"","1000000","","","","","1","0.1"
"698","4","100000000","1.00E-03","0.0001","","",docker-registry-processed,lfu-doorkeeper,"","1000000","","","","","1","0.1"
"699","4","100000000","1.00E-02","0.0001","","",docker-registry-processed,lfu-doorkeeper,"","1000000","","","","","1","0.1"
"700","","100000000","","","","",docker-registry-processed,lfu-byte,"","1000000",freq_over_size,"","","","1","0.1"
"701","","100000000","","","","",docker-registry-processed,lfu-byte,"","1000000",freq_times_size,"","","","1","0.1"
"702","","100000000","","","","",docker-registry-processed,lfu-aging,"","1000000","","100","","","1","0.1"
"703","","100000000","","","","",docker-registry-processed,lfu-aging,"","1000000","","1000","","","1","0.1"
"704","","100000000","","","","",docker-registry-processed,lfu-aging,"","1000000","","10000","","","1","0.1"
"705","","100000000","","","","",docker-registry-processed,lfu-aging,"","1000000","","100000","","","1","0.1"
"706","","100000000","","","","",docker-registry-processed,lfu-aging,"","1000000","","1000000","","","1","0.1"
"707","","100000000","","","","",docker-registry-processed,lfu,"","1000000","","","","","1","0.1"
"708","","100000000","","","","",wiki-t-10,two-segment,"0.1","1000000","","","","","1","0.1"
"709","","100000000","","","","",wiki-t-10,two-segment,"0.2","1000000","","","","","1","0.1"
"710","","100000000","","","","",wiki-t-10,two-segment,"0.3","1000000","","","","","1","0.1"
"711","","100000000","","","","",wiki-t-10,two-segment,"0.4","1000000","","","","","1","0.1"
"712","","100000000","","","","",wiki-t-10,two-segment,"0.5","1000000","","","","","1","0.1"
"713","","100000000","","","","",wiki-t-10,two-segment,"0.6","1000000","","","","","1","0.1"
"714","","100000000","","","","",wiki-t-10,two-segment,"0.7","1000000","","","","","1","0.1"
"715","","100000000","","","","",wiki-t-10,two-segment,"0.8","1000000","","","","","1","0.1"
"716","","100000000","","","","",wiki-t-10,two-segment,"0.9","1000000","","","","","1","0.1"
"717","","100000000","","","","",wiki-t-10,tiny-lfu-byte,"","1000000","","","100","","1","0.1"
"718","","100000000","","","","",wiki-t-10,tiny-lfu-byte,"","1000000","","","1000","","1","0.1"
"719","","100000000","","","","",wiki-t-10,tiny-lfu-byte,"","1000000","","","10000","","1","0.1"
"720","","100000000","","","","",wiki-t-10,tiny-lfu-byte,"","1000000","","","100000","","1","0.1"
"721","","100000000","","","","",wiki-t-10,tiny-lfu-byte,"","1000000","","","1000000","","1","0.1"
"722","","100000000","","","","",wiki-t-10,lru,"","1000000","","","","","1","0.1"
"723","","100000000","","","","",wiki-t-10,lfu-sliding,"","1000000","","","","100","1","0.1"
"724","","100000000","","","","",wiki-t-10,lfu-sliding,"","1000000","","","","1000","1","0.1"
"725","","100000000","","","","",wiki-t-10,lfu-sliding,"","1000000","","","","10000","1","0.1"
"726","","100000000","","","","",wiki-t-10,lfu-sliding,"","1000000","","","","100000","1","0.1"
"727","","100000000","","","","",wiki-t-10,lfu-sliding,"","1000000","","","","1000000","1","0.1"
"728","","100000000","","","1",freq_over_size_times_latency,wiki-t-10,lfu-latency-byte,"","1000000","","","","","1","0.1"
"729","","100000000","","","1",freq_times_latency_over_size,wiki-t-10,lfu-latency-byte,"","1000000","","","","","1","0.1"
"730","2","100000000","1.00E-07","0.001","","",wiki-t-10,lfu-doorkeeper,"","1000000","","","","","1","0.1"
"731","2","100000000","1.00E-06","0.001","","",wiki-t-10,lfu-doorkeeper,"","1000000","","","","","1","0.1"
"732","2","100000000","1.00E-05","0.001","","",wiki-t-10,lfu-doorkeeper,"","1000000","","","","","1","0.1"
"733","2","100000000","1.00E-04","0.001","","",wiki-t-10,lfu-doorkeeper,"","1000000","","","","","1","0.1"
"734","2","100000000","1.00E-03","0.001","","",wiki-t-10,lfu-doorkeeper,"","1000000","","","","","1","0.1"
"735","2","100000000","1.00E-02","0.001","","",wiki-t-10,lfu-doorkeeper,"","1000000","","","","","1","0.1"
"736","2","100000000","1.00E-07","0.01","","",wiki-t-10,lfu-doorkeeper,"","1000000","","","","","1","0.1"
"737","2","100000000","1.00E-06","0.01","","",wiki-t-10,lfu-doorkeeper,"","1000000","","","","","1","0.1"
"738","2","100000000","1.00E-05","0.01","","",wiki-t-10,lfu-doorkeeper,"","1000000","","","","","1","0.1"
"739","2","100000000","1.00E-04","0.01","","",wiki-t-10,lfu-doorkeeper,"","1000000","","","","","1","0.1"
"740","2","100000000","1.00E-03","0.01","","",wiki-t-10,lfu-doorkeeper,"","1000000","","","","","1","0.1"
"741","2","100000000","1.00E-02","0.01","","",wiki-t-10,lfu-doorkeeper,"","1000000","","","","","1","0.1"
"742","2","100000000","1.00E-07","0.1","","",wiki-t-10,lfu-doorkeeper,"","1000000","","","","","1","0.1"
"743","2","100000000","1.00E-06","0.1","","",wiki-t-10,lfu-doorkeeper,"","1000000","","","","","1","0.1"
"744","2","100000000","1.00E-05","0.1","","",wiki-t-10,lfu-doorkeeper,"","1000000","","","","","1","0.1"
"745","2","100000000","1.00E-04","0.1","","",wiki-t-10,lfu-doorkeeper,"","1000000","","","","","1","0.1"
"746","2","100000000","1.00E-03","0.1","","",wiki-t-10,lfu-doorkeeper,"","1000000","","","","","1","0.1"
"747","2","100000000","1.00E-02","0.1","","",wiki-t-10,lfu-doorkeeper,"","1000000","","","","","1","0.1"
"748","2","100000000","1.00E-07","0.0001","","",wiki-t-10,lfu-doorkeeper,"","1000000","","","","","1","0.1"
"749","2","100000000","1.00E-06","0.0001","","",wiki-t-10,lfu-doorkeeper,"","1000000","","","","","1","0.1"
"750","2","100000000","1.00E-05","0.0001","","",wiki-t-10,lfu-doorkeeper,"","1000000","","","","","1","0.1"
"751","2","100000000","1.00E-04","0.0001","","",wiki-t-10,lfu-doorkeeper,"","1000000","","","","","1","0.1"
"752","2","100000000","1.00E-03","0.0001","","",wiki-t-10,lfu-doorkeeper,"","1000000","","","","","1","0.1"
"753","2","100000000","1.00E-02","0.0001","","",wiki-t-10,lfu-doorkeeper,"","1000000","","","","","1","0.1"
"754","3","100000000","1.00E-07","0.001","","",wiki-t-10,lfu-doorkeeper,"","1000000","","","","","1","0.1"
"755","3","100000000","1.00E-06","0.001","","",wiki-t-10,lfu-doorkeeper,"","1000000","","","","","1","0.1"
"756","3","100000000","1.00E-05","0.001","","",wiki-t-10,lfu-doorkeeper,"","1000000","","","","","1","0.1"
"757","3","100000000","1.00E-04","0.001","","",wiki-t-10,lfu-doorkeeper,"","1000000","","","","","1","0.1"
"758","3","100000000","1.00E-03","0.001","","",wiki-t-10,lfu-doorkeeper,"","1000000","","","","","1","0.1"
"759","3","100000000","1.00E-02","0.001","","",wiki-t-10,lfu-doorkeeper,"","1000000","","","","","1","0.1"
"760","3","100000000","1.00E-07","0.01","","",wiki-t-10,lfu-doorkeeper,"","1000000","","","","","1","0.1"
"761","3","100000000","1.00E-06","0.01","","",wiki-t-10,lfu-doorkeeper,"","1000000","","","","","1","0.1"
"762","3","100000000","1.00E-05","0.01","","",wiki-t-10,lfu-doorkeeper,"","1000000","","","","","1","0.1"
"763","3","100000000","1.00E-04","0.01","","",wiki-t-10,lfu-doorkeeper,"","1000000","","","","","1","0.1"
"764","3","100000000","1.00E-03","0.01","","",wiki-t-10,lfu-doorkeeper,"","1000000","","","","","1","0.1"
"765","3","100000000","1.00E-02","0.01","","",wiki-t-10,lfu-doorkeeper,"","1000000","","","","","1","0.1"
"766","3","100000000","1.00E-07","0.1","","",wiki-t-10,lfu-doorkeeper,"","1000000","","","","","1","0.1"
"767","3","100000000","1.00E-06","0.1","","",wiki-t-10,lfu-doorkeeper,"","1000000","","","","","1","0.1"
"768","3","100000000","1.00E-05","0.1","","",wiki-t-10,lfu-doorkeeper,"","1000000","","","","","1","0.1"
"769","3","100000000","1.00E-04","0.1","","",wiki-t-10,lfu-doorkeeper,"","1000000","","","","","1","0.1"
"770","3","100000000","1.00E-03","0.1","","",wiki-t-10,lfu-doorkeeper,"","1000000","","","","","1","0.1"
"771","3","100000000","1.00E-02","0.1","","",wiki-t-10,lfu-doorkeeper,"","1000000","","","","","1","0.1"
"772","3","100000000","1.00E-07","0.0001","","",wiki-t-10,lfu-doorkeeper,"","1000000","","","","","1","0.1"
"773","3","100000000","1.00E-06","0.0001","","",wiki-t-10,lfu-doorkeeper,"","1000000","","","","","1","0.1"
"774","3","100000000","1.00E-05","0.0001","","",wiki-t-10,lfu-doorkeeper,"","1000000","","","","","1","0.1"
"775","3","100000000","1.00E-04","0.0001","","",wiki-t-10,lfu-doorkeeper,"","1000000","","","","","1","0.1"
"776","3","100000000","1.00E-03","0.0001","","",wiki-t-10,lfu-doorkeeper,"","1000000","","","","","1","0.1"
"777","3","100000000","1.00E-02","0.0001","","",wiki-t-10,lfu-doorkeeper,"","1000000","","","","","1","0.1"
"778","4","100000000","1.00E-06","0.001","","",wiki-t-10,lfu-doorkeeper,"","1000000","","","","","1","0.1"
"779","4","100000000","1.00E-05","0.001","","",wiki-t-10,lfu-doorkeeper,"","1000000","","","","","1","0.1"
"780","4","100000000","1.00E-04","0.001","","",wiki-t-10,lfu-doorkeeper,"","1000000","","","","","1","0.1"
"781","4","100000000","1.00E-03","0.001","","",wiki-t-10,lfu-doorkeeper,"","1000000","","","","","1","0.1"
"782","4","100000000","1.00E-02","0.001","","",wiki-t-10,lfu-doorkeeper,"","1000000","","","","","1","0.1"
"783","4","100000000","1.00E-07","0.01","","",wiki-t-10,lfu-doorkeeper,"","1000000","","","","","1","0.1"
"784","4","100000000","1.00E-06","0.01","","",wiki-t-10,lfu-doorkeeper,"","1000000","","","","","1","0.1"
"785","4","100000000","1.00E-05","0.01","","",wiki-t-10,lfu-doorkeeper,"","1000000","","","","","1","0.1"
"786","4","100000000","1.00E-04","0.01","","",wiki-t-10,lfu-doorkeeper,"","1000000","","","","","1","0.1"
"787","4","100000000","1.00E-03","0.01","","",wiki-t-10,lfu-doorkeeper,"","1000000","","","","","1","0.1"
"788","4","100000000","1.00E-02","0.01","","",wiki-t-10,lfu-doorkeeper,"","1000000","","","","","1","0.1"
"789","4","100000000","1.00E-07","0.1","","",wiki-t-10,lfu-doorkeeper,"","1000000","","","","","1","0.1"
"790","4","100000000","1.00E-06","0.1","","",wiki-t-10,lfu-doorkeeper,"","1000000","","","","","1","0.1"
"791","4","100000000","1.00E-05","0.1","","",wiki-t-10,lfu-doorkeeper,"","1000000","","","","","1","0.1"
"792","4","100000000","1.00E-04","0.1","","",wiki-t-10,lfu-doorkeeper,"","1000000","","","","","1","0.1"
"793","4","100000000","1.00E-03","0.1","","",wiki-t-10,lfu-doorkeeper,"","1000000","","","","","1","0.1"
"794","4","100000000","1.00E-02","0.1","","",wiki-t-10,lfu-doorkeeper,"","1000000","","","","","1","0.1"
"795","4","100000000","1.00E-07","0.0001","","",wiki-t-10,lfu-doorkeeper,"","1000000","","","","","1","0.1"
"796","4","100000000","1.00E-06","0.0001","","",wiki-t-10,lfu-doorkeeper,"","1000000","","","","","1","0.1"
"797","4","100000000","1.00E-05","0.0001","","",wiki-t-10,lfu-doorkeeper,"","1000000","","","","","1","0.1"
"798","4","100000000","1.00E-04","0.0001","","",wiki-t-10,lfu-doorkeeper,"","1000000","","","","","1","0.1"
"799","4","100000000","1.00E-03","0.0001","","",wiki-t-10,lfu-doorkeeper,"","1000000","","","","","1","0.1"
"800","4","100000000","1.00E-02","0.0001","","",wiki-t-10,lfu-doorkeeper,"","1000000","","","","","1","0.1"
"801","","100000000","","","","",wiki-t-10,lfu-byte,"","1000000",freq_over_size,"","","","1","0.1"
"802","","100000000","","","","",wiki-t-10,lfu-byte,"","1000000",freq_times_size,"","","","1","0.1"
"803","","100000000","","","","",wiki-t-10,lfu-aging,"","1000000","","100","","","1","0.1"
"804","","100000000","","","","",wiki-t-10,lfu-aging,"","1000000","","1000","","","1","0.1"
"805","","100000000","","","","",wiki-t-10,lfu-aging,"","1000000","","10000","","","1","0.1"
"806","","100000000","","","","",wiki-t-10,lfu-aging,"","1000000","","100000","","","1","0.1"
"807","","100000000","","","","",wiki-t-10,lfu-aging,"","1000000","","1000000","","","1","0.1"
"808","","100000000","","","","",wiki-t-10,lfu,"","1000000","","","","","1","0.1"
